/*!40101 SET @OLD_CHARACTER_SET_CLIENT=@@CHARACTER_SET_CLIENT */;
/*!40101 SET NAMES utf8 */;
/*!50503 SET NAMES utf8mb4 */;
/*!40014 SET @OLD_FOREIGN_KEY_CHECKS=@@FOREIGN_KEY_CHECKS, FOREIGN_KEY_CHECKS=0 */;
/*!40101 SET @OLD_SQL_MODE=@@SQL_MODE, SQL_MODE='NO_AUTO_VALUE_ON_ZERO' */;

CREATE DATABASE IF NOT EXISTS `righi_righi` /*!40100 DEFAULT CHARACTER SET utf8mb4 */;
USE `righi_righi`;

CREATE TABLE IF NOT EXISTS `captcha` (
  `captcha_id` bigint(13) unsigned NOT NULL AUTO_INCREMENT,
  `captcha_time` int(10) unsigned NOT NULL,
  `ip_address` varchar(45) NOT NULL,
  `word` varchar(20) NOT NULL,
  PRIMARY KEY (`captcha_id`),
  KEY `word` (`word`)
) ENGINE=InnoDB AUTO_INCREMENT=1265 DEFAULT CHARSET=latin1;

/*!40000 ALTER TABLE `captcha` DISABLE KEYS */;
INSERT INTO `captcha` (`captcha_id`, `captcha_time`, `ip_address`, `word`) VALUES
	(368, 1608728740, '::1', 'tKcpGP'),
	(369, 1608728741, '::1', 'CsHUvA'),
	(370, 1608728743, '::1', 'NFYwdO'),
	(371, 1608728763, '::1', 'iAJKzy'),
	(372, 1608728764, '::1', 'bcAGCI'),
	(373, 1608728769, '::1', 'kRUhDd'),
	(374, 1608728770, '::1', 'xplkmY'),
	(375, 1608769387, '::1', 'EAVoyW'),
	(376, 1608769387, '::1', 'tWsCbe'),
	(377, 1608769388, '::1', 'RWbqIu'),
	(378, 1608769405, '::1', 'Vazsom'),
	(379, 1608769405, '::1', 'iPvNyr'),
	(380, 1608769405, '::1', 'dPoeFr'),
	(381, 1608769613, '::1', 'QHFOZV'),
	(382, 1608769614, '::1', 'yMsZTw'),
	(383, 1608769615, '::1', 'yFwecT'),
	(384, 1608769615, '::1', 'TXZNAx'),
	(385, 1608769615, '::1', 'pAgWhd'),
	(386, 1608769625, '::1', 'kgBIPw'),
	(387, 1608769626, '::1', 'figzhu'),
	(388, 1608769626, '::1', 'KyTXue'),
	(389, 1608769626, '::1', 'rxglRH'),
	(390, 1608769626, '::1', 'sfLOjM'),
	(391, 1608769627, '::1', 'FTnhKH'),
	(392, 1608769628, '::1', 'otTelm'),
	(393, 1608769628, '::1', 'zLbGfU'),
	(394, 1608769629, '::1', 'IaBAob'),
	(395, 1608769629, '::1', 'ZMpqfb'),
	(396, 1608769633, '::1', 'vetHmu'),
	(397, 1608769633, '::1', 'kRpVrw'),
	(398, 1608769634, '::1', 'vSoewV'),
	(399, 1608769634, '::1', 'zKtjMR'),
	(400, 1608769634, '::1', 'MiRBEG'),
	(401, 1608769635, '::1', 'lrukGV'),
	(402, 1608769636, '::1', 'uCMUcX'),
	(403, 1608769636, '::1', 'WDhjYX'),
	(404, 1608769636, '::1', 'KkUGov'),
	(405, 1608769636, '::1', 'VUSRMz'),
	(406, 1608769637, '::1', 'JTMfGg'),
	(407, 1608769638, '::1', 'UxsIzR'),
	(408, 1608769638, '::1', 'IbwpMn'),
	(409, 1608769638, '::1', 'oUNGLD'),
	(410, 1608769674, '::1', 'sMFWHN'),
	(411, 1608769675, '::1', 'xHrhsa'),
	(412, 1608769676, '::1', 'VWBudk'),
	(413, 1608769676, '::1', 'JhVMgk'),
	(414, 1608769676, '::1', 'wZRMFo'),
	(415, 1608769846, '::1', 'rZpqlt'),
	(416, 1608769847, '::1', 'EDGprj'),
	(417, 1608769847, '::1', 'wvzPLZ'),
	(418, 1608769847, '::1', 'qjHDlt'),
	(419, 1608769847, '::1', 'YsNQbl'),
	(420, 1608769920, '::1', 'mzlyjq'),
	(421, 1608769921, '::1', 'CGTnLy'),
	(422, 1608769921, '::1', 'TokItm'),
	(423, 1608769921, '::1', 'UMDSJK'),
	(424, 1608769921, '::1', 'lVYdWc'),
	(425, 1608770541, '::1', 'UgdyZf'),
	(426, 1608770541, '::1', 'gfpNGL'),
	(427, 1608770541, '::1', 'gAUZFN'),
	(428, 1608770543, '::1', 'skqzwM'),
	(429, 1608770543, '::1', 'GHUjDO'),
	(430, 1608770543, '::1', 'dmxbwJ'),
	(431, 1608770545, '::1', 'vbLMzH'),
	(432, 1608770546, '::1', 'HTmSpr'),
	(433, 1608770547, '::1', 'qpivWB'),
	(434, 1608770547, '::1', 'GaFCzL'),
	(435, 1608770547, '::1', 'IlfbtY'),
	(436, 1608770566, '::1', 'FyZEpd'),
	(437, 1608770567, '::1', 'bHZjgJ'),
	(438, 1608770567, '::1', 'RiwCZK'),
	(439, 1608770567, '::1', 'AkQEiZ'),
	(440, 1608770567, '::1', 'NKCmXy'),
	(441, 1608770610, '::1', 'iFuLPN'),
	(442, 1608770611, '::1', 'ziOavN'),
	(443, 1608770611, '::1', 'alOejn'),
	(444, 1608770612, '::1', 'fgUNXS'),
	(445, 1608770612, '::1', 'McCJLH'),
	(446, 1608770614, '::1', 'yzxwoA'),
	(447, 1608770615, '::1', 'XTSPfb'),
	(448, 1608770630, '::1', 'HsyZbd'),
	(449, 1608770631, '::1', 'xMltwp'),
	(450, 1608770631, '::1', 'dBYEob'),
	(451, 1608770631, '::1', 'hQuDcZ'),
	(452, 1608770631, '::1', 'nFMPTq'),
	(453, 1608770633, '::1', 'zMgEtm'),
	(454, 1608770634, '::1', 'KthCSM'),
	(455, 1608770634, '::1', 'adicRl'),
	(456, 1608770635, '::1', 'iDofBH'),
	(457, 1608770635, '::1', 'Tjlocn'),
	(458, 1608770635, '::1', 'XapRny'),
	(459, 1608770635, '::1', 'PzgvBL'),
	(460, 1608770651, '::1', 'qxIbSa'),
	(461, 1608770652, '::1', 'cJgdfr'),
	(462, 1608770652, '::1', 'pBoUTX'),
	(463, 1608770652, '::1', 'tSaHqh'),
	(464, 1608770652, '::1', 'YEcfyp'),
	(465, 1608770678, '::1', 'zjfYUl'),
	(466, 1608770679, '::1', 'ghFVjc'),
	(467, 1608770679, '::1', 'MPObfz'),
	(468, 1608770679, '::1', 'woLHUi'),
	(469, 1608770679, '::1', 'glVBDK'),
	(470, 1608770681, '::1', 'HdFJKu'),
	(471, 1608770682, '::1', 'dLwXSU'),
	(472, 1608770682, '::1', 'EulrSV'),
	(473, 1608770683, '::1', 'bsVNJY'),
	(474, 1608770683, '::1', 'zLCbJn'),
	(475, 1608770684, '::1', 'cOslDy'),
	(476, 1608770685, '::1', 'QIeJkx'),
	(477, 1608770686, '::1', 'skKBFa'),
	(478, 1608770686, '::1', 'XjRKGu'),
	(479, 1608770686, '::1', 'nrQvUR'),
	(480, 1608770731, '::1', 'oczTVy'),
	(481, 1608770731, '::1', 'tzfwKb'),
	(482, 1608770732, '::1', 'bWBUAJ'),
	(483, 1608770732, '::1', 'tghdXN'),
	(484, 1608770732, '::1', 'TEkOBU'),
	(485, 1608770735, '::1', 'tmLvAV'),
	(486, 1608770736, '::1', 'NheGrP'),
	(487, 1608770736, '::1', 'bBWFYc'),
	(488, 1608770736, '::1', 'BCqjgx'),
	(489, 1608770736, '::1', 'ogRjex'),
	(490, 1608770740, '::1', 'sQFIBA'),
	(491, 1608770741, '::1', 'JiQbSK'),
	(492, 1608770741, '::1', 'DZVObN'),
	(493, 1608770741, '::1', 'zRQrAs'),
	(494, 1608770741, '::1', 'GStQaT'),
	(495, 1608770848, '::1', 'wpuvmK'),
	(496, 1608770849, '::1', 'xcyJQV'),
	(497, 1608770849, '::1', 'dRQFoE'),
	(498, 1608770850, '::1', 'GfgMIw'),
	(499, 1608770850, '::1', 'PZvzuM'),
	(500, 1608770924, '::1', 'CNIBEF'),
	(501, 1608770926, '::1', 'VBFwad'),
	(502, 1608770926, '::1', 'rByQth'),
	(503, 1608770926, '::1', 'xrNhsq'),
	(504, 1608770926, '::1', 'FQiMKn'),
	(505, 1608770970, '::1', 'WIfbRO'),
	(506, 1608770970, '::1', 'toKVlD'),
	(507, 1608770971, '::1', 'HXptyN'),
	(508, 1608770971, '::1', 'xMDboz'),
	(509, 1608770971, '::1', 'MRZiVD'),
	(510, 1608771003, '::1', 'ePVWfA'),
	(511, 1608771004, '::1', 'mLsUQk'),
	(512, 1608771004, '::1', 'FnMVkI'),
	(513, 1608771004, '::1', 'OZmEbo'),
	(514, 1608771005, '::1', 'uEzqTr'),
	(515, 1608771012, '::1', 'gLcuyV'),
	(516, 1608771013, '::1', 'baBIiQ'),
	(517, 1608771013, '::1', 'avbTWU'),
	(518, 1608771014, '::1', 'wcsDbh'),
	(519, 1608771014, '::1', 'VTUgDP'),
	(520, 1608771022, '::1', 'VeyKak'),
	(521, 1608771034, '::1', 'HFjSZz'),
	(522, 1608771035, '::1', 'ypSQMo'),
	(523, 1608771035, '::1', 'rlPyFf'),
	(524, 1608771035, '::1', 'SvdMyK'),
	(525, 1608771035, '::1', 'NrfIjn'),
	(526, 1608771035, '::1', 'UFWnaD'),
	(527, 1608771086, '::1', 'EZasnY'),
	(528, 1608771086, '::1', 'gRyzao'),
	(529, 1608771087, '::1', 'pYlTIa'),
	(530, 1608771087, '::1', 'XgoEbY'),
	(531, 1608771087, '::1', 'gyUwVJ'),
	(532, 1608771110, '::1', 'bkErTR'),
	(533, 1608771111, '::1', 'JIkBzG'),
	(534, 1608771111, '::1', 'tQDpOi'),
	(535, 1608771111, '::1', 'LfiZzJ'),
	(536, 1608771111, '::1', 'GeqPLx'),
	(537, 1608771127, '::1', 'Pvlgfz'),
	(538, 1608771128, '::1', 'nDXsFN'),
	(539, 1608771129, '::1', 'ueLQkl'),
	(540, 1608771129, '::1', 'uXHEQC'),
	(541, 1608771129, '::1', 'jHofcI'),
	(542, 1608771220, '::1', 'IPyLfM'),
	(543, 1608771221, '::1', 'gfxSnV'),
	(544, 1608771221, '::1', 'dnGTRu'),
	(545, 1608771221, '::1', 'demkWA'),
	(546, 1608771221, '::1', 'AUSPlO'),
	(547, 1608771304, '::1', 'RYtgjC'),
	(548, 1608771305, '::1', 'GdfFWe'),
	(549, 1608771305, '::1', 'RQbYmo'),
	(550, 1608771306, '::1', 'lqpDIF'),
	(551, 1608771306, '::1', 'IDtFNu'),
	(552, 1608771324, '::1', 'uqygBH'),
	(553, 1608771325, '::1', 'JWvugM'),
	(554, 1608771325, '::1', 'QkMEFj'),
	(555, 1608771325, '::1', 'kVGtWq'),
	(556, 1608771326, '::1', 'Bgtvub'),
	(557, 1608771409, '::1', 'fnukaQ'),
	(558, 1608771410, '::1', 'xGzVcr'),
	(559, 1608771411, '::1', 'wdiCsx'),
	(560, 1608771411, '::1', 'EHuaqk'),
	(561, 1608771411, '::1', 'fcQDgN'),
	(562, 1608771412, '::1', 'MFYUtR'),
	(563, 1608771414, '::1', 'JDQsZw'),
	(564, 1608771447, '::1', 'QxRKMo'),
	(565, 1608771448, '::1', 'PnDqRC'),
	(566, 1608771448, '::1', 'EBCIGW'),
	(567, 1608771448, '::1', 'ToqmJw'),
	(568, 1608771449, '::1', 'UDjhwC'),
	(569, 1608771450, '::1', 'RdBIgj'),
	(570, 1608771451, '::1', 'TCDWbI'),
	(571, 1608771452, '::1', 'YHRnca'),
	(572, 1608771452, '::1', 'HdDlUM'),
	(573, 1608771453, '::1', 'zBkqwc'),
	(574, 1608771453, '::1', 'uOlphk'),
	(575, 1608771453, '::1', 'EVGarH'),
	(576, 1608771554, '::1', 'JUxQPr'),
	(577, 1608771556, '::1', 'mjRFTD'),
	(578, 1608771560, '::1', 'fYSJPg'),
	(579, 1608771561, '::1', 'gbEyWv'),
	(580, 1608771563, '::1', 'uULZHc'),
	(581, 1608771564, '::1', 'cupzUt'),
	(582, 1608771567, '::1', 'hvTNZd'),
	(583, 1608771568, '::1', 'BbYCDO'),
	(584, 1608771569, '::1', 'zSnDfk'),
	(585, 1608771569, '::1', 'HjUpCN'),
	(586, 1608771569, '::1', 'MPDeFw'),
	(587, 1608771576, '::1', 'jEFIxD'),
	(588, 1608771577, '::1', 'aWQUYk'),
	(589, 1608771588, '::1', 'FeWntf'),
	(590, 1608771596, '::1', 'xBHQnq'),
	(591, 1608771598, '::1', 'tjXSVQ'),
	(592, 1608771598, '::1', 'xKpwcV'),
	(593, 1608771598, '::1', 'yEvpxD'),
	(594, 1608771598, '::1', 'vgOTSA'),
	(595, 1608771602, '::1', 'XdOcNb'),
	(596, 1608771603, '::1', 'ypFKrR'),
	(597, 1608771603, '::1', 'eFkLaj'),
	(598, 1608771603, '::1', 'vbSVAa'),
	(599, 1608771603, '::1', 'xYRILk'),
	(600, 1608771619, '::1', 'CljSKR'),
	(601, 1608771621, '::1', 'iorVdf'),
	(602, 1608771621, '::1', 'jfPmJE'),
	(603, 1608771621, '::1', 'LjpTJB'),
	(604, 1608771621, '::1', 'XpPfkx'),
	(605, 1608771629, '::1', 'ILKUmd'),
	(606, 1608771629, '::1', 'iXZOkj'),
	(607, 1608771633, '::1', 'ksqfQR'),
	(608, 1608771634, '::1', 'AHCljo'),
	(609, 1608771635, '::1', 'WLlcPq'),
	(610, 1608771638, '::1', 'oKvyfP'),
	(611, 1608771639, '::1', 'rAqbLc'),
	(612, 1608771641, '::1', 'qDGzrx'),
	(613, 1608771643, '::1', 'TQkPxf'),
	(614, 1608771646, '::1', 'kPUtIg'),
	(615, 1608771648, '::1', 'hBGlRU'),
	(616, 1608771844, '::1', 'gaIEJh'),
	(617, 1608771844, '::1', 'YaOxbS'),
	(618, 1608771845, '::1', 'uCHhZA'),
	(619, 1608771845, '::1', 'pcWrLd'),
	(620, 1608771845, '::1', 'ymCcnh'),
	(621, 1608771903, '::1', 'MBXycN'),
	(622, 1608771904, '::1', 'dAuykj'),
	(623, 1608771904, '::1', 'BhMXmC'),
	(624, 1608771904, '::1', 'WbpFim'),
	(625, 1608771904, '::1', 'RHZBEv'),
	(626, 1608771936, '::1', 'zAKusU'),
	(627, 1608771936, '::1', 'IskJlj'),
	(628, 1608771939, '::1', 'dKCfQn'),
	(629, 1608771940, '::1', 'HLokUb'),
	(630, 1608771940, '::1', 'SxlFIN'),
	(631, 1608771941, '::1', 'ErivfL'),
	(632, 1608771942, '::1', 'wynKVJ'),
	(633, 1608771943, '::1', 'lsJxCb'),
	(634, 1608771946, '::1', 'tewRIh'),
	(635, 1608771947, '::1', 'IAuJxW'),
	(636, 1608771948, '::1', 'FSxLBu'),
	(637, 1608771949, '::1', 'XeySxH'),
	(638, 1608771950, '::1', 'Kcahtu'),
	(639, 1608771950, '::1', 'HCerwx'),
	(640, 1608771950, '::1', 'KZzLlQ'),
	(641, 1608771950, '::1', 'wFtKiN'),
	(642, 1608771951, '::1', 'pJbyNT'),
	(643, 1608771951, '::1', 'zleIRU'),
	(644, 1608771952, '::1', 'wzbaBn'),
	(645, 1608771952, '::1', 'FyirPx'),
	(646, 1608771984, '::1', 'gPernz'),
	(647, 1608771985, '::1', 'NqmBKk'),
	(648, 1608771985, '::1', 'dVCBwp'),
	(649, 1608771985, '::1', 'gdYbNm'),
	(650, 1608771985, '::1', 'iDMebx'),
	(651, 1608772022, '::1', 'LcsRET'),
	(652, 1608772022, '::1', 'SRphdQ'),
	(653, 1608772023, '::1', 'WOyILM'),
	(654, 1608772023, '::1', 'wkPbQa'),
	(655, 1608772023, '::1', 'AsgrcL'),
	(656, 1608772025, '::1', 'gNVQdf'),
	(657, 1608772026, '::1', 'QFpXEd'),
	(658, 1608772029, '::1', 'LNPgEI'),
	(659, 1608772030, '::1', 'JrecUF'),
	(660, 1608772080, '::1', 'pVomiK'),
	(661, 1608772081, '::1', 'VgiTmp'),
	(662, 1608772081, '::1', 'aeXkcQ'),
	(663, 1608772081, '::1', 'hOeZKI'),
	(664, 1608772081, '::1', 'SsukgV'),
	(665, 1608772185, '::1', 'EtHCnw'),
	(666, 1608772185, '::1', 'sKdFJw'),
	(667, 1608772186, '::1', 'WYHDla'),
	(668, 1608772186, '::1', 'FVRiBN'),
	(669, 1608772186, '::1', 'BkELUZ'),
	(670, 1608772194, '::1', 'XQfFzO'),
	(671, 1608772195, '::1', 'sLufpZ'),
	(672, 1608772195, '::1', 'DRziNT'),
	(673, 1608772195, '::1', 'IpfUgF'),
	(674, 1608772196, '::1', 'oYMRwA'),
	(675, 1608772208, '::1', 'LhEqSU'),
	(676, 1608772217, '::1', 'bxcNts'),
	(677, 1608772223, '::1', 'SkAvmR'),
	(678, 1608772224, '::1', 'wlLDkQ'),
	(679, 1608772224, '::1', 'OMZCWf'),
	(680, 1608772224, '::1', 'CMXqrY'),
	(681, 1608772239, '::1', 'efELTZ'),
	(682, 1608772239, '::1', 'FPvpoC'),
	(683, 1608772239, '::1', 'GJwREt'),
	(684, 1608772239, '::1', 'BDpXUC'),
	(685, 1608772302, '::1', 'zYFbRT'),
	(686, 1608772303, '::1', 'DkvRlU'),
	(687, 1608772303, '::1', 'RShJrt'),
	(688, 1608772303, '::1', 'hzeuHZ'),
	(689, 1608772537, '::1', 'miowBA'),
	(690, 1608772538, '::1', 'ilBSrc'),
	(691, 1608772538, '::1', 'MnOSqE'),
	(692, 1608772538, '::1', 'vcWlAL'),
	(693, 1608772560, '::1', 'GuVAHh'),
	(694, 1608772560, '::1', 'AsVawZ'),
	(695, 1608772560, '::1', 'EmkNlL'),
	(696, 1608772561, '::1', 'JYNEPO'),
	(697, 1608772597, '::1', 'mCYvAM'),
	(698, 1608772597, '::1', 'bFOHKx'),
	(699, 1608772597, '::1', 'aTGuvh'),
	(700, 1608772597, '::1', 'WKZnxm'),
	(701, 1608772896, '::1', 'ArDXVk'),
	(702, 1608772896, '::1', 'PbWYZH'),
	(703, 1608772897, '::1', 'xpCroG'),
	(704, 1608772897, '::1', 'EoKkzh'),
	(705, 1608772903, '::1', 'ilfZyD'),
	(706, 1608772954, '::1', 'mUcOex'),
	(707, 1608773002, '::1', 'DXNsUZ'),
	(708, 1608773276, '::1', 'bRIQJl'),
	(709, 1608773291, '::1', 'pvhNbW'),
	(710, 1608773292, '::1', 'eHOkqR'),
	(711, 1608773327, '::1', 'NeAasd'),
	(712, 1608773327, '::1', 'cysvuJ'),
	(713, 1608773339, '::1', 'rpXaPQ'),
	(714, 1608773339, '::1', 'diqEFl'),
	(715, 1608773341, '::1', 'VpUiLD'),
	(716, 1608773341, '::1', 'klwCZL'),
	(717, 1608773342, '::1', 'aehoRl'),
	(718, 1608773373, '::1', 'JZTvcE'),
	(719, 1608773374, '::1', 'odZqDH'),
	(720, 1608773374, '::1', 'FOuWTq'),
	(721, 1608773374, '::1', 'coelXf'),
	(722, 1608773374, '::1', 'YFhUtR'),
	(723, 1608773377, '::1', 'XNGRkH'),
	(724, 1608773378, '::1', 'GwYNfk'),
	(725, 1608773378, '::1', 'avKpFB'),
	(726, 1608773378, '::1', 'obDQaK'),
	(727, 1608773379, '::1', 'OtSyeo'),
	(728, 1608773380, '::1', 'Eescvo'),
	(729, 1608773380, '::1', 'ZYdVGL'),
	(730, 1608773380, '::1', 'ZTQDir'),
	(731, 1608773543, '::1', 'IPWSKk'),
	(732, 1608773543, '::1', 'dasSDT'),
	(733, 1608773544, '::1', 'sglxvM'),
	(734, 1608773545, '::1', 'VHoGCX'),
	(735, 1608773545, '::1', 'BHunwi'),
	(736, 1608773545, '::1', 'lVwnyU'),
	(737, 1608773619, '::1', 'zjNLAD'),
	(738, 1608773619, '::1', 'FLTzxU'),
	(739, 1608773620, '::1', 'wisMHW'),
	(740, 1608773620, '::1', 'ZxFgdt'),
	(741, 1608773621, '::1', 'mbhOSe'),
	(742, 1608773621, '::1', 'CHhOwE'),
	(743, 1608774085, '::1', 'pMJVbx'),
	(744, 1608774086, '::1', 'qdaVMR'),
	(745, 1608774086, '::1', 'xulkYQ'),
	(746, 1608774086, '::1', 'WdifYw'),
	(747, 1608774087, '::1', 'TsQxOZ'),
	(748, 1608774134, '::1', 'AvUnHc'),
	(749, 1608774135, '::1', 'wOeAaV'),
	(750, 1608774135, '::1', 'qlRTIF'),
	(751, 1608774135, '::1', 'gBLQsI'),
	(752, 1608774157, '::1', 'uGeIaL'),
	(753, 1608774157, '::1', 'LXKqzH'),
	(754, 1608774157, '::1', 'akYBgu'),
	(755, 1608774158, '::1', 'ErkzRc'),
	(756, 1608774280, '::1', 'qrlGZf'),
	(757, 1608774281, '::1', 'ZhHoGW'),
	(758, 1608774281, '::1', 'HAyzup'),
	(759, 1608774281, '::1', 'lkdeSD'),
	(760, 1608774281, '::1', 'zcgDZw'),
	(761, 1608774325, '::1', 'iYOnGM'),
	(762, 1608774326, '::1', 'vslzFy'),
	(763, 1608774326, '::1', 'jfLDrA'),
	(764, 1608774326, '::1', 'IXwCTj'),
	(765, 1608774326, '::1', 'BFZcYQ'),
	(766, 1608774611, '::1', 'XMFivf'),
	(767, 1608774611, '::1', 'CUaKGT'),
	(768, 1608774612, '::1', 'ErUNsg'),
	(769, 1608774612, '::1', 'urNiRs'),
	(770, 1608774775, '::1', 'fIzCGQ'),
	(771, 1608774775, '::1', 'gkWwpj'),
	(772, 1608774775, '::1', 'tAhvYm'),
	(773, 1608774775, '::1', 'dgpUoO'),
	(774, 1608774776, '::1', 'DAEiVr'),
	(775, 1608774776, '::1', 'CwTeXo'),
	(776, 1608774776, '::1', 'DBHvPC'),
	(777, 1608774776, '::1', 'iYEHfp'),
	(778, 1608774776, '::1', 'ldPcXL'),
	(779, 1608774777, '::1', 'qAwPmV'),
	(780, 1608774777, '::1', 'NuxdUg'),
	(781, 1608774777, '::1', 'ZaEVjD'),
	(782, 1608774777, '::1', 'TfXqYF'),
	(783, 1608774777, '::1', 'PLcsJe'),
	(784, 1608774786, '::1', 'DbxGih'),
	(785, 1608774787, '::1', 'oOeRDJ'),
	(786, 1608774787, '::1', 'IsPRtp'),
	(787, 1608774787, '::1', 'CPBbuX'),
	(788, 1608774787, '::1', 'viOglz'),
	(789, 1608774859, '::1', 'otZcYP'),
	(790, 1608774860, '::1', 'XzbvMc'),
	(791, 1608774860, '::1', 'NgkGWh'),
	(792, 1608774860, '::1', 'YFRwBl'),
	(793, 1608774860, '::1', 'fSCtxe'),
	(794, 1608774860, '::1', 'iFvhZB'),
	(795, 1608774861, '::1', 'DwbdZk'),
	(796, 1608774861, '::1', 'ibVPYf'),
	(797, 1608774861, '::1', 'tKpOLl'),
	(798, 1608774862, '::1', 'vZjGzo'),
	(799, 1608774862, '::1', 'ghZMcv'),
	(800, 1608774862, '::1', 'OAYdwJ'),
	(801, 1608774863, '::1', 'kFKWVZ'),
	(802, 1608774863, '::1', 'yTdNpf'),
	(803, 1608774863, '::1', 'QUSXOz'),
	(804, 1608774863, '::1', 'NrneFq'),
	(805, 1608774863, '::1', 'PaosGx'),
	(806, 1608774863, '::1', 'LgjXcZ'),
	(807, 1608774864, '::1', 'JhHWIb'),
	(808, 1608774934, '::1', 'nLCKEf'),
	(809, 1608774935, '::1', 'FonhNB'),
	(810, 1608774935, '::1', 'rGItJM'),
	(811, 1608774935, '::1', 'LXTKYd'),
	(812, 1608774935, '::1', 'lWbqvF'),
	(813, 1608774953, '::1', 'HJsOlp'),
	(814, 1608774954, '::1', 'lMTusf'),
	(815, 1608774954, '::1', 'XiGdsm'),
	(816, 1608774954, '::1', 'IJjUFR'),
	(817, 1608774954, '::1', 'dkUanS'),
	(818, 1608775025, '::1', 'yCOwbo'),
	(819, 1608775026, '::1', 'OvjLDg'),
	(820, 1608775061, '::1', 'rpzPwK'),
	(821, 1608775062, '::1', 'EaRzVD'),
	(822, 1608775062, '::1', 'gYPMhX'),
	(823, 1608775062, '::1', 'jchIto'),
	(824, 1608775062, '::1', 'PAomMD'),
	(825, 1608775160, '::1', 'AebaET'),
	(826, 1608775161, '::1', 'LxXqch'),
	(827, 1608775162, '::1', 'AzhuoK'),
	(828, 1608775162, '::1', 'kFCmGx'),
	(829, 1608775162, '::1', 'DNJRYS'),
	(830, 1608775216, '::1', 'clsfCv'),
	(831, 1608775217, '::1', 'JFELIk'),
	(832, 1608775217, '::1', 'lmMRKk'),
	(833, 1608775218, '::1', 'JNdLFH'),
	(834, 1608775218, '::1', 'oERcMC'),
	(835, 1608775242, '::1', 'uklYoJ'),
	(836, 1608775243, '::1', 'IgPScV'),
	(837, 1608775244, '::1', 'zoOWxX'),
	(838, 1608775244, '::1', 'KdzEWB'),
	(839, 1608775244, '::1', 'goRJAV'),
	(840, 1608775505, '::1', 'EDbqmk'),
	(841, 1608775507, '::1', 'seFwrL'),
	(842, 1608775507, '::1', 'XjCirB'),
	(843, 1608775508, '::1', 'pusjcr'),
	(844, 1608775508, '::1', 'mLhjdD'),
	(845, 1608775517, '::1', 'CfrlMz'),
	(846, 1608775518, '::1', 'etpbmV'),
	(847, 1608775519, '::1', 'rtTJZi'),
	(848, 1608775519, '::1', 'UmMRKz'),
	(849, 1608775519, '::1', 'MwHKnV'),
	(850, 1608775647, '::1', 'DydmhG'),
	(851, 1608775648, '::1', 'SMmDlX'),
	(852, 1608775648, '::1', 'knsjLP'),
	(853, 1608775648, '::1', 'JSFpGL'),
	(854, 1608775649, '::1', 'cJvWtO'),
	(855, 1608775651, '::1', 'CSkNEu'),
	(856, 1608775651, '::1', 'ZCkiPf'),
	(857, 1608775659, '::1', 'dUGebH'),
	(858, 1608775660, '::1', 'uVYchb'),
	(859, 1608775660, '::1', 'XEMIPc'),
	(860, 1608775660, '::1', 'qiyULV'),
	(861, 1608775660, '::1', 'CvSTbV'),
	(862, 1608775750, '::1', 'iVRGHB'),
	(863, 1608775751, '::1', 'KXFfjA'),
	(864, 1608775751, '::1', 'yWMJus'),
	(865, 1608775751, '::1', 'jXTAIL'),
	(866, 1608775751, '::1', 'GxTXBY'),
	(867, 1608775808, '::1', 'zAGYIk'),
	(868, 1608775808, '::1', 'Fxhtnr'),
	(869, 1608775809, '::1', 'DtmNsr'),
	(870, 1608775809, '::1', 'NZuqBQ'),
	(871, 1608775809, '::1', 'YcApCR'),
	(872, 1608775875, '::1', 'xNZFjl'),
	(873, 1608775876, '::1', 'rZPupK'),
	(874, 1608775876, '::1', 'asAkxg'),
	(875, 1608775876, '::1', 'OjfJzK'),
	(876, 1608775876, '::1', 'wQNzEA'),
	(877, 1608775886, '::1', 'xLcPJm'),
	(878, 1608775887, '::1', 'DRdYgE'),
	(879, 1608775887, '::1', 'Ooyqrh'),
	(880, 1608775887, '::1', 'pRUhdX'),
	(881, 1608775887, '::1', 'qDpnCT'),
	(882, 1608775913, '::1', 'NVfqUx'),
	(883, 1608775914, '::1', 'OjEHeR'),
	(884, 1608775915, '::1', 'OZzYJh'),
	(885, 1608775915, '::1', 'NMRwYo'),
	(886, 1608775915, '::1', 'qIyavW'),
	(887, 1608775926, '::1', 'bHvNCh'),
	(888, 1608775927, '::1', 'TGbhaP'),
	(889, 1608775927, '::1', 'jDJrdp'),
	(890, 1608775927, '::1', 'wYXLGE'),
	(891, 1608775927, '::1', 'Rjmsln'),
	(892, 1608776280, '::1', 'RIxhzQ'),
	(893, 1608776280, '::1', 'sXaGRr'),
	(894, 1608776281, '::1', 'iIJxTA'),
	(895, 1608776281, '::1', 'VgWkzX'),
	(896, 1608776281, '::1', 'kHRuqB'),
	(897, 1608837153, '::1', 'mHSGrF'),
	(898, 1608837155, '::1', 'AFxeaw'),
	(899, 1608837159, '::1', 'qdKZpc'),
	(900, 1608837386, '::1', 'ljyoJG'),
	(901, 1608837387, '::1', 'AVKIOY'),
	(902, 1608837981, '::1', 'jfsJyd'),
	(903, 1608837982, '::1', 'juJPaR'),
	(904, 1608837985, '::1', 'dbANTD'),
	(905, 1608837986, '::1', 'ogwhas'),
	(906, 1608838039, '::1', 'dmLDNB'),
	(907, 1608838039, '::1', 'xWmMKN'),
	(908, 1608838039, '::1', 'WziRlD'),
	(909, 1608838119, '::1', 'XPsrZQ'),
	(910, 1608838120, '::1', 'vPUehZ'),
	(911, 1608838120, '::1', 'HDTxXs'),
	(912, 1608838121, '::1', 'PtkGwY'),
	(913, 1608838121, '::1', 'AobMth'),
	(914, 1608838162, '::1', 'rjPnRq'),
	(915, 1608838163, '::1', 'QBHvzX'),
	(916, 1608838163, '::1', 'vFEckO'),
	(917, 1608838163, '::1', 'NcjKUq'),
	(918, 1608838163, '::1', 'RzXlHM'),
	(919, 1608838183, '::1', 'NoMuRF'),
	(920, 1608838184, '::1', 'YdlbKG'),
	(921, 1608838184, '::1', 'SNQhVm'),
	(922, 1608838184, '::1', 'Tpdxni'),
	(923, 1608838184, '::1', 'ofGdCh'),
	(924, 1608838187, '::1', 'hdXHRL'),
	(925, 1608838188, '::1', 'OUBImA'),
	(926, 1608838189, '::1', 'HYsDZB'),
	(927, 1608838189, '::1', 'lhDNiF'),
	(928, 1608838189, '::1', 'ynxqgf'),
	(929, 1608838215, '::1', 'qbHxNE'),
	(930, 1608838216, '::1', 'ASdMWX'),
	(931, 1608838216, '::1', 'CrQxic'),
	(932, 1608838217, '::1', 'BFuLVx'),
	(933, 1608838217, '::1', 'ZUboBs'),
	(934, 1608838223, '::1', 'PsvrHA'),
	(935, 1608838224, '::1', 'VUaXGO'),
	(936, 1608838225, '::1', 'iSJbyG'),
	(937, 1608838226, '::1', 'RHvgEN'),
	(938, 1608838226, '::1', 'WuIMXN'),
	(939, 1608838226, '::1', 'PSVawb'),
	(940, 1608838319, '::1', 'APEGkD'),
	(941, 1608838320, '::1', 'HLZAPq'),
	(942, 1608838320, '::1', 'xngbDm'),
	(943, 1608838320, '::1', 'jOFrCx'),
	(944, 1608838320, '::1', 'SqXtIF'),
	(945, 1608838356, '::1', 'RHFbAa'),
	(946, 1608838356, '::1', 'mbKXvx'),
	(947, 1608838357, '::1', 'VmALOn'),
	(948, 1608838357, '::1', 'bQXUtZ'),
	(949, 1608838357, '::1', 'qCuEUk'),
	(950, 1608838697, '::1', 'QoazZr'),
	(951, 1608838698, '::1', 'kRwrxJ'),
	(952, 1608838698, '::1', 'tIvEVN'),
	(953, 1608838699, '::1', 'inxdFC'),
	(954, 1608838699, '::1', 'FGWEfm'),
	(955, 1608838816, '::1', 'RqytkW'),
	(956, 1608838816, '::1', 'HFIQzg'),
	(957, 1608838817, '::1', 'pMBCDY'),
	(958, 1608838817, '::1', 'QNEzFh'),
	(959, 1608838817, '::1', 'LpHckh'),
	(960, 1608838895, '::1', 'jrUXuC'),
	(961, 1608838895, '::1', 'VZANCo'),
	(962, 1608838895, '::1', 'iqUGpe'),
	(963, 1608838931, '::1', 'drlcxb'),
	(964, 1608838932, '::1', 'CzBucs'),
	(965, 1608838932, '::1', 'DnZqyP'),
	(966, 1608838932, '::1', 'aVHevJ'),
	(967, 1608838933, '::1', 'ERQCTj'),
	(968, 1608838977, '::1', 'JEafYH'),
	(969, 1608838978, '::1', 'nIBeVE'),
	(970, 1608838978, '::1', 'pJqSfV'),
	(971, 1608838978, '::1', 'kusmjG'),
	(972, 1608838978, '::1', 'UNmIok'),
	(973, 1608839350, '::1', 'fmkHwJ'),
	(974, 1608839351, '::1', 'ZnhjfV'),
	(975, 1608839351, '::1', 'gXvbnG'),
	(976, 1608839351, '::1', 'rKXGsT'),
	(977, 1608839352, '::1', 'KWexUd'),
	(978, 1608839361, '::1', 'qRKDGu'),
	(979, 1608839362, '::1', 'xQVKHC'),
	(980, 1608839362, '::1', 'OjrMli'),
	(981, 1608839362, '::1', 'fwEqIO'),
	(982, 1608839362, '::1', 'IWEtJx'),
	(983, 1608839412, '::1', 'ZdjoqM'),
	(984, 1608839413, '::1', 'MPUYgn'),
	(985, 1608839413, '::1', 'aZACux'),
	(986, 1608839414, '::1', 'GcNLdl'),
	(987, 1608839414, '::1', 'CKeXcp'),
	(988, 1608839663, '::1', 'DRPuFA'),
	(989, 1608839664, '::1', 'jqeoIu'),
	(990, 1608839665, '::1', 'JhFOmP'),
	(991, 1608839665, '::1', 'oGBCUl'),
	(992, 1608839665, '::1', 'OWruNE'),
	(993, 1608839668, '::1', 'kPCSbG'),
	(994, 1608839670, '::1', 'XxPsMb'),
	(995, 1608839670, '::1', 'GrgApj'),
	(996, 1608839670, '::1', 'vzHgOs'),
	(997, 1608839670, '::1', 'MXKThk'),
	(998, 1608839671, '::1', 'tPNare'),
	(999, 1608839671, '::1', 'xOqYku'),
	(1000, 1608839672, '::1', 'UKmTxG'),
	(1001, 1608839672, '::1', 'elIZQo'),
	(1002, 1608839673, '::1', 'kZCDhE'),
	(1003, 1608839673, '::1', 'eizQSw'),
	(1004, 1608839801, '::1', 'wPZpRn'),
	(1005, 1608839802, '::1', 'aewGIH'),
	(1006, 1608839803, '::1', 'LxCAUv'),
	(1007, 1608839803, '::1', 'pfetcN'),
	(1008, 1608839803, '::1', 'gWYmwD'),
	(1009, 1608839892, '::1', 'BoERrb'),
	(1010, 1608839893, '::1', 'GMVbwX'),
	(1011, 1608839893, '::1', 'mSrHwj'),
	(1012, 1608839893, '::1', 'BnTFkf'),
	(1013, 1608839893, '::1', 'RoUqtY'),
	(1014, 1608839964, '::1', 'dVmkLY'),
	(1015, 1608839965, '::1', 'gYWuhv'),
	(1016, 1608839965, '::1', 'lRaPeV'),
	(1017, 1608839966, '::1', 'MXuClw'),
	(1018, 1608839966, '::1', 'qxpzsC'),
	(1019, 1608840042, '::1', 'IshMLT'),
	(1020, 1608840043, '::1', 'mjZJRb'),
	(1021, 1608840043, '::1', 'ysKqaN'),
	(1022, 1608840044, '::1', 'fOHUYb'),
	(1023, 1608840044, '::1', 'ZgGOHc'),
	(1024, 1608840063, '::1', 'XuZjwf'),
	(1025, 1608840063, '::1', 'CEcKkv'),
	(1026, 1608840063, '::1', 'ukmNwE'),
	(1027, 1608840064, '::1', 'hjuMVe'),
	(1028, 1608840064, '::1', 'ywQkJN'),
	(1029, 1608840166, '::1', 'VKMCAw'),
	(1030, 1608840167, '::1', 'SZmFMs'),
	(1031, 1608840168, '::1', 'PQDdHf'),
	(1032, 1608840168, '::1', 'RHPpZF'),
	(1033, 1608840168, '::1', 'OmTqXa'),
	(1034, 1608840207, '::1', 'MihatI'),
	(1035, 1608840208, '::1', 'TtgbPE'),
	(1036, 1608840208, '::1', 'vEZWYo'),
	(1037, 1608840208, '::1', 'ZSudLG'),
	(1038, 1608840208, '::1', 'gcIoVR'),
	(1039, 1608840214, '::1', 'amsbKV'),
	(1040, 1608840215, '::1', 'SMfNBt'),
	(1041, 1608840215, '::1', 'atMHOG'),
	(1042, 1608840216, '::1', 'WPYqNi'),
	(1043, 1608840216, '::1', 'xEiykq'),
	(1044, 1608840237, '::1', 'PpILow'),
	(1045, 1608840238, '::1', 'JVdXxq'),
	(1046, 1608840238, '::1', 'URNSCG'),
	(1047, 1608840238, '::1', 'pSzWCo'),
	(1048, 1608840238, '::1', 'yIlJVh'),
	(1049, 1608840247, '::1', 'XKZGhT'),
	(1050, 1608840248, '::1', 'GxMsaw'),
	(1051, 1608840248, '::1', 'XNrmLo'),
	(1052, 1608840248, '::1', 'KfqwTH'),
	(1053, 1608840248, '::1', 'dbOfcK'),
	(1054, 1608840290, '::1', 'OcruVS'),
	(1055, 1608840291, '::1', 'gUSfNc'),
	(1056, 1608840291, '::1', 'QlBgmw'),
	(1057, 1608840291, '::1', 'QxHidf'),
	(1058, 1608840291, '::1', 'xliQPK'),
	(1059, 1608840498, '::1', 'UFjiEs'),
	(1060, 1608840499, '::1', 'eVzSLw'),
	(1061, 1608840499, '::1', 'fEkFXg'),
	(1062, 1608840499, '::1', 'gKRUWo'),
	(1063, 1608840499, '::1', 'NPGFKS'),
	(1064, 1608840666, '::1', 'ihfDld'),
	(1065, 1608840676, '::1', 'yOEKuV'),
	(1066, 1608840699, '::1', 'mejLWI'),
	(1067, 1608840746, '::1', 'aTMBio'),
	(1068, 1608840834, '::1', 'MBCJVL'),
	(1069, 1608840839, '::1', 'BPpenW'),
	(1070, 1608840840, '::1', 'ZKzCQy'),
	(1071, 1608840846, '::1', 'kGfanF'),
	(1072, 1608840853, '::1', 'dmyuOa'),
	(1073, 1608840871, '::1', 'jrPexX'),
	(1074, 1608840887, '::1', 'IYKfuG'),
	(1075, 1608840905, '::1', 'TzKGvg'),
	(1076, 1608840923, '::1', 'jZkyJD'),
	(1077, 1608840924, '::1', 'MdjwZx'),
	(1078, 1608840924, '::1', 'hUIfcE'),
	(1079, 1608841234, '::1', 'ntKazC'),
	(1080, 1608841235, '::1', 'etzEfV'),
	(1081, 1608841235, '::1', 'YlsNDH'),
	(1082, 1608841235, '::1', 'edRgZo'),
	(1083, 1608841236, '::1', 'MZOYGo'),
	(1084, 1608841352, '::1', 'KRezIj'),
	(1085, 1608841352, '::1', 'BEWSrk'),
	(1086, 1608841352, '::1', 'TCrmJb'),
	(1087, 1608841352, '::1', 'MdWHwF'),
	(1088, 1608841372, '::1', 'istYxz'),
	(1089, 1608841372, '::1', 'YSvAwh'),
	(1090, 1608841372, '::1', 'tNCbac'),
	(1091, 1608841372, '::1', 'xYoLFU'),
	(1092, 1608841409, '::1', 'MzypYw'),
	(1093, 1608841409, '::1', 'FgIWqU'),
	(1094, 1608841409, '::1', 'MNCxKP'),
	(1095, 1608841409, '::1', 'bDAQkX'),
	(1096, 1608841948, '::1', 'KujIqE'),
	(1097, 1608841948, '::1', 'SbFvhp'),
	(1098, 1608841948, '::1', 'YMxhzJ'),
	(1099, 1608841948, '::1', 'OlnLYh'),
	(1100, 1608841979, '::1', 'YyiLdR'),
	(1101, 1608841979, '::1', 'BucaGX'),
	(1102, 1608841979, '::1', 'YOwKhf'),
	(1103, 1608841980, '::1', 'quNOKa'),
	(1104, 1608842043, '::1', 'JwfmnP'),
	(1105, 1608842043, '::1', 'OjQLSi'),
	(1106, 1608842043, '::1', 'PoKZse'),
	(1107, 1608842043, '::1', 'bwcisx'),
	(1108, 1608842058, '::1', 'bromxI'),
	(1109, 1608842058, '::1', 'lIyzGC'),
	(1110, 1608842058, '::1', 'FrQeKZ'),
	(1111, 1608842058, '::1', 'MSiUyP'),
	(1112, 1608842061, '::1', 'tdURxz'),
	(1113, 1608842062, '::1', 'YlxFkS'),
	(1114, 1608842062, '::1', 'XGPQVd'),
	(1115, 1608842062, '::1', 'NrUgKa'),
	(1116, 1608842108, '::1', 'aWEPLu'),
	(1117, 1608842108, '::1', 'UNzZYx'),
	(1118, 1608842108, '::1', 'TxbFOn'),
	(1119, 1608842108, '::1', 'yfAmGJ'),
	(1120, 1608842155, '::1', 'ysQORJ'),
	(1121, 1608842180, '::1', 'xWSjZf'),
	(1122, 1608842192, '::1', 'PzfAok'),
	(1123, 1608842207, '::1', 'DOHbQI'),
	(1124, 1608842212, '::1', 'teyOwC'),
	(1125, 1608842223, '::1', 'IYuwOv'),
	(1126, 1608842240, '::1', 'vTFcYi'),
	(1127, 1608842241, '::1', 'goEmlv'),
	(1128, 1608842241, '::1', 'kKZuWM'),
	(1129, 1608842241, '::1', 'VxyGnL'),
	(1130, 1608842241, '::1', 'CWytlk'),
	(1131, 1608842339, '::1', 'RHWyQu'),
	(1132, 1608842340, '::1', 'YsIFAU'),
	(1133, 1608842340, '::1', 'RdnLrH'),
	(1134, 1608842340, '::1', 'teafNA'),
	(1135, 1608842340, '::1', 'MeAsXH'),
	(1136, 1608842814, '::1', 'LFSuPE'),
	(1137, 1608842815, '::1', 'VMGxky'),
	(1138, 1608842825, '::1', 'VsAlCp'),
	(1139, 1608842826, '::1', 'tqiwrg'),
	(1140, 1608842826, '::1', 'AbHFio'),
	(1141, 1608843049, '::1', 'dtYJPi'),
	(1142, 1608843050, '::1', 'lJeoCb'),
	(1143, 1608843050, '::1', 'NSbudQ'),
	(1144, 1608843050, '::1', 'UhDmpg'),
	(1145, 1608843051, '::1', 'eJrKVy'),
	(1146, 1608843067, '::1', 'tqPZTC'),
	(1147, 1608843069, '::1', 'gKMqSf'),
	(1148, 1608843069, '::1', 'VJRqgB'),
	(1149, 1608843069, '::1', 'fOzKAr'),
	(1150, 1608843069, '::1', 'osQESr'),
	(1151, 1608843136, '::1', 'BHEAfS'),
	(1152, 1608843137, '::1', 'YwUbMa'),
	(1153, 1608843137, '::1', 'CKuTvR'),
	(1154, 1608843138, '::1', 'TSIKep'),
	(1155, 1608843138, '::1', 'Ktnrvw'),
	(1156, 1608843144, '::1', 'SkZwEa'),
	(1157, 1608843145, '::1', 'cdiPHw'),
	(1158, 1608843224, '::1', 'NnMFYE'),
	(1159, 1608843224, '::1', 'TyOLoF'),
	(1160, 1608843246, '::1', 'zuqjdf'),
	(1161, 1608843247, '::1', 'rVDUSe'),
	(1162, 1608843284, '::1', 'kXlnsU'),
	(1163, 1608843284, '::1', 'pZnUej'),
	(1164, 1608843301, '::1', 'QlBMKG'),
	(1165, 1608843301, '::1', 'uBpbhq'),
	(1166, 1608843301, '::1', 'fOzuZc'),
	(1167, 1608843368, '::1', 'kzITox'),
	(1168, 1608843368, '::1', 'dhMSwb'),
	(1169, 1608843369, '::1', 'ZeiVFW'),
	(1170, 1608843369, '::1', 'wyeBtA'),
	(1171, 1608843369, '::1', 'ltuIwC'),
	(1172, 1608843409, '::1', 'PDaWej'),
	(1173, 1608843410, '::1', 'hexDvX'),
	(1174, 1608843410, '::1', 'xlSvgr'),
	(1175, 1608843410, '::1', 'YOPpuG'),
	(1176, 1608843410, '::1', 'DXtWRK'),
	(1177, 1608843423, '::1', 'noAXSt'),
	(1178, 1608843424, '::1', 'kctDjO'),
	(1179, 1608843425, '::1', 'Ziumyd'),
	(1180, 1608843425, '::1', 'EKtibH'),
	(1181, 1608843425, '::1', 'QYxqLr'),
	(1182, 1608843428, '::1', 'WXBMiE'),
	(1183, 1608843429, '::1', 'tlUVzk'),
	(1184, 1608843464, '::1', 'haSpJm'),
	(1185, 1608843464, '::1', 'OkHBAz'),
	(1186, 1608843465, '::1', 'beCdua'),
	(1187, 1608843465, '::1', 'LofthE'),
	(1188, 1608843465, '::1', 'Kjslge'),
	(1189, 1608843519, '::1', 'JOCgfA'),
	(1190, 1608843521, '::1', 'PalWGF'),
	(1191, 1608843522, '::1', 'ctmeYB'),
	(1192, 1608843522, '::1', 'glhnmd'),
	(1193, 1608843523, '::1', 'cdZHuJ'),
	(1194, 1608843541, '::1', 'cIjHtW'),
	(1195, 1608843542, '::1', 'gDiTPO'),
	(1196, 1608843542, '::1', 'BjcPNy'),
	(1197, 1608843542, '::1', 'pNPJvS'),
	(1198, 1608843542, '::1', 'iLMtdh'),
	(1199, 1608843551, '::1', 'fawWMN'),
	(1200, 1608843552, '::1', 'mowrPW'),
	(1201, 1608843553, '::1', 'RAGfgp'),
	(1202, 1608843553, '::1', 'UvBwlq'),
	(1203, 1608843553, '::1', 'GKTznq'),
	(1204, 1608843564, '::1', 'CnAJdr'),
	(1205, 1608843565, '::1', 'oqKRwa'),
	(1206, 1608843616, '::1', 'TDhwLp'),
	(1207, 1608843617, '::1', 'qtcDzM'),
	(1208, 1608843617, '::1', 'BGjqcV'),
	(1209, 1608843617, '::1', 'FJhdiH'),
	(1210, 1608843618, '::1', 'TrxLNP'),
	(1211, 1608843622, '::1', 'JuQpnM'),
	(1212, 1608843623, '::1', 'zLBGhg'),
	(1213, 1608843630, '::1', 'rhaByp'),
	(1214, 1608843631, '::1', 'tYRbHp'),
	(1215, 1608843646, '::1', 'dzTqtg'),
	(1216, 1608843646, '::1', 'krmsoR'),
	(1217, 1608843655, '::1', 'NoZHci'),
	(1218, 1608843655, '::1', 'SoYJPE'),
	(1219, 1608843655, '::1', 'UDGJSB'),
	(1220, 1608843705, '::1', 'bFwoxB'),
	(1221, 1608843706, '::1', 'sCgtbZ'),
	(1222, 1608843706, '::1', 'moYLFq'),
	(1223, 1608843706, '::1', 'UlOgWa'),
	(1224, 1608843706, '::1', 'mgQGyW'),
	(1225, 1608843811, '::1', 'XpqCkQ'),
	(1226, 1608843811, '::1', 'QhNIxi'),
	(1227, 1608843812, '::1', 'QjmASk'),
	(1228, 1608843812, '::1', 'hiJDMB'),
	(1229, 1608843812, '::1', 'TsfUDg'),
	(1230, 1608843821, '::1', 'drWQXR'),
	(1231, 1608843822, '::1', 'sxkmbU'),
	(1232, 1608843822, '::1', 'nNjQXF'),
	(1233, 1608843822, '::1', 'CAugaU'),
	(1234, 1608843822, '::1', 'OMQHqb'),
	(1235, 1608844009, '::1', 'xXlHkE'),
	(1236, 1608844010, '::1', 'sAyZPx'),
	(1237, 1608844010, '::1', 'ikYzus'),
	(1238, 1608844010, '::1', 'pgNuZI'),
	(1239, 1608844010, '::1', 'IUTjbM'),
	(1240, 1608844032, '::1', 'asYHvB'),
	(1241, 1608844033, '::1', 'YXURQf'),
	(1242, 1608844034, '::1', 'ZlHjWr'),
	(1243, 1608844034, '::1', 'EVoQBW'),
	(1244, 1608844034, '::1', 'OEWJSc'),
	(1245, 1608844092, '::1', 'yCFJIY'),
	(1246, 1608844092, '::1', 'XxnDir'),
	(1247, 1608844093, '::1', 'vnPrli'),
	(1248, 1608844093, '::1', 'FYWylb'),
	(1249, 1608844093, '::1', 'GOfZSd'),
	(1250, 1608844144, '::1', 'FijNOM'),
	(1251, 1608844145, '::1', 'MREOje'),
	(1252, 1608844145, '::1', 'xtiaCy'),
	(1253, 1608844145, '::1', 'fZcjTO'),
	(1254, 1608844145, '::1', 'IvWVwL'),
	(1255, 1608844163, '::1', 'bMTfzD'),
	(1256, 1608844164, '::1', 'nWEDme'),
	(1257, 1608844164, '::1', 'YyeSpE'),
	(1258, 1608844164, '::1', 'ndvliV'),
	(1259, 1608844164, '::1', 'vFcIok'),
	(1260, 1608844198, '::1', 'KdgeNq'),
	(1261, 1608844199, '::1', 'zYmRFb'),
	(1262, 1608844199, '::1', 'lpwdTm'),
	(1263, 1608844199, '::1', 'HBbdpL'),
	(1264, 1608844199, '::1', 'cDjKGA'),
	(1265, 1608844260, '::1', 'aEAphd'),
	(1266, 1608844262, '::1', 'JHNxjD'),
	(1267, 1608844262, '::1', 'VbQJrz'),
	(1268, 1608844262, '::1', 'sxacVo'),
	(1269, 1608844262, '::1', 'trzjIO'),
	(1270, 1608844266, '::1', 'NZuHxq'),
	(1271, 1608844267, '::1', 'vTIlQp'),
	(1272, 1608844267, '::1', 'Qbymiz'),
	(1273, 1608844267, '::1', 'tUMTYq'),
	(1274, 1608844268, '::1', 'kUHduP'),
	(1275, 1608844273, '::1', 'AHFeVh'),
	(1276, 1608844274, '::1', 'invJeW'),
	(1277, 1608844274, '::1', 'UdQIGT'),
	(1278, 1608844274, '::1', 'uaqcNl'),
	(1279, 1608844274, '::1', 'EsHjRF'),
	(1280, 1608844275, '::1', 'UauFyV'),
	(1281, 1608844276, '::1', 'AVLhBK'),
	(1282, 1608844276, '::1', 'IxeFwO'),
	(1283, 1608844277, '::1', 'soOVWj'),
	(1284, 1608844277, '::1', 'ktwqZd'),
	(1285, 1608844362, '::1', 'XWOxRA'),
	(1286, 1608844363, '::1', 'IZMvCl'),
	(1287, 1608844363, '::1', 'xSzAGl'),
	(1288, 1608844363, '::1', 'jQCPIF'),
	(1289, 1608844363, '::1', 'neLkNF'),
	(1290, 1609377110, '::1', 'sXSCPT'),
	(1291, 1609377149, '::1', 'aOuDfj'),
	(1292, 1609377150, '::1', 'otQDnP'),
	(1293, 1609377151, '::1', 'VHdwiy'),
	(1294, 1609377154, '::1', 'IjuCWy'),
	(1295, 1609377155, '::1', 'ohcRSa');
/*!40000 ALTER TABLE `captcha` ENABLE KEYS */;

CREATE TABLE IF NOT EXISTS `ci_sessions` (
  `session_id` varchar(40) NOT NULL DEFAULT '0',
  `ip_address` varchar(45) NOT NULL DEFAULT '0',
  `user_agent` varchar(120) NOT NULL,
  `last_activity` int(10) unsigned NOT NULL DEFAULT 0,
  `user_data` text NOT NULL,
  PRIMARY KEY (`session_id`),
  KEY `last_activity_idx` (`last_activity`)
) ENGINE=InnoDB DEFAULT CHARSET=latin1;

/*!40000 ALTER TABLE `ci_sessions` DISABLE KEYS */;
/*!40000 ALTER TABLE `ci_sessions` ENABLE KEYS */;

CREATE TABLE IF NOT EXISTS `gallery` (
  `id` int(11) NOT NULL AUTO_INCREMENT,
  `title` varchar(20) NOT NULL,
  `type` tinyint(11) NOT NULL DEFAULT 0,
  `description` text DEFAULT NULL,
  `json` mediumtext DEFAULT NULL,
  `created_dt` datetime NOT NULL,
  `carousel` tinyint(11) DEFAULT 0,
  `lightbox` tinyint(11) DEFAULT 0,
  `updated_dt` timestamp NOT NULL DEFAULT current_timestamp() ON UPDATE current_timestamp(),
  `created_by` int(11) NOT NULL DEFAULT 0,
  `updated_by` int(11) NOT NULL DEFAULT 0,
  `deleted` tinyint(4) NOT NULL DEFAULT 0,
  PRIMARY KEY (`id`),
  UNIQUE KEY `title_UNIQUE` (`title`)
) ENGINE=InnoDB AUTO_INCREMENT=5 DEFAULT CHARSET=utf8mb4;

/*!40000 ALTER TABLE `gallery` DISABLE KEYS */;
INSERT INTO `gallery` (`id`, `title`, `type`, `description`, `json`, `created_dt`, `carousel`, `lightbox`, `updated_dt`, `created_by`, `updated_by`, `deleted`) VALUES
	(1, 'Marcas', 1, 'Marcas', '[{"file":"1607654171.jpg","title":"LBS","ordem":"5"},{"file":"16076541711.jpg","title":"Brasilia","ordem":"2"},{"file":"16076541712.jpg","title":"Casa do p\\u00e3o de queijo","ordem":"3"},{"file":"1607820068.jpg","title":"Dom Camilo","ordem":"1"},{"file":"16078200681.jpg","title":"Mina Montagens","ordem":"4"},{"file":"16078200682.jpg","title":"NETPARK","ordem":"6"},{"file":"1608452289.jpg","title":"","key":"1608452289"},{"file":"1608452497.jpg","title":"","key":"1608452497"},{"file":"1608452519.jpg","title":"","key":"1608452519"}]', '2020-12-11 03:31:03', 0, 0, '2020-12-20 05:21:59', 0, 0, 0),
	(2, 'E social', 1, 'E social', '[{"file":"1607809897.jpg","title":""},{"file":"1607809898.jpg","title":""},{"file":"16078098981.jpg","title":""},{"file":"16078098982.jpg","title":""},{"file":"1607809917.jpg","title":""}]', '2020-12-12 22:44:35', 1, 0, '2020-12-12 19:41:10', 0, 0, 0),
	(3, 'Sobre nós', 1, 'Sobre nós', '[{"file":"1608450305.jpg","title":"teste","key":"1608450305","ordem":""},{"file":"1608450316.jpg","title":"","key":"1608450316","ordem":""},{"file":"16084503161.jpg","title":"","key":"16084503161","ordem":""},{"file":"16084503162.jpg","title":"","key":"16084503162","ordem":""},{"file":"16084503163.jpg","title":"","key":"16084503163","ordem":""}]', '2020-12-20 08:44:55', 1, 1, '2020-12-20 09:16:39', 0, 0, 0),
	(4, 'Videos Home', 2, 'Videos Home', '[{"key":"1608774773","title":"Teste","url":"Hu85TqElSZk"},{"key":"1608774773","title":"Video 2","url":"3ZJBcj5ZNLE"},{"key":"1608774773","title":"Video 4","url":"SLD9xzJ4oeU"},{"key":"1608774773","title":"Video 5","url":"sWob27tij_w"},{"title":"video 6","url":"EnSVdbLMRNI","key":1608774858}]', '2020-12-24 02:11:41', 0, 0, '2020-12-24 02:54:18', 0, 0, 0);
/*!40000 ALTER TABLE `gallery` ENABLE KEYS */;

CREATE TABLE IF NOT EXISTS `media` (
  `id` int(11) NOT NULL AUTO_INCREMENT,
  `key` char(5) DEFAULT NULL,
  `title` varchar(50) DEFAULT NULL,
  `file` varchar(50) DEFAULT NULL,
  `path` varchar(50) NOT NULL,
  `note` varchar(100) DEFAULT NULL,
  `created_dt` datetime NOT NULL,
  `updated_dt` timestamp NOT NULL DEFAULT current_timestamp() ON UPDATE current_timestamp(),
  `created_by` int(11) NOT NULL DEFAULT 0,
  `updated_by` int(11) NOT NULL DEFAULT 0,
  `deleted` tinyint(4) NOT NULL DEFAULT 0,
  PRIMARY KEY (`id`)
) ENGINE=InnoDB AUTO_INCREMENT=11 DEFAULT CHARSET=utf8mb4;

/*!40000 ALTER TABLE `media` DISABLE KEYS */;
INSERT INTO `media` (`id`, `key`, `title`, `file`, `path`, `note`, `created_dt`, `updated_dt`, `created_by`, `updated_by`, `deleted`) VALUES
	(1, 'upld_', 'Sem Título-2.jpg', '1607822264.jpg', './assets/uploads', NULL, '2020-12-13 02:17:44', '2020-12-12 22:17:44', 88, 88, 0),
	(2, 'upld_', 'Sem Título-1.jpg', '16078222642.jpg', './assets/uploads', NULL, '2020-12-13 02:17:44', '2020-12-12 22:17:44', 88, 88, 0),
	(3, 'upld_', 'Sem Título-1.jpg', '1608389879.jpg', './assets/uploads', NULL, '2020-12-19 15:58:02', '2020-12-19 11:58:02', 88, 88, 0),
	(4, 'upld_', 'sobre-nos.jpg', '1608389883.jpg', './assets/uploads', NULL, '2020-12-19 15:58:03', '2020-12-19 11:58:03', 88, 88, 0),
	(5, 'upld_', 'banner.jpg', '1608389884.jpg', './assets/uploads', NULL, '2020-12-19 15:58:04', '2020-12-19 11:58:04', 88, 88, 0),
	(6, 'upld_', 'Sem-Título-1.jpg', '1608389885.jpg', './assets/uploads', NULL, '2020-12-19 15:58:05', '2020-12-19 11:58:05', 88, 88, 0),
	(7, 'upld_', 'banner-mobi.jpg', '1608470940.jpg', './assets/uploads', NULL, '2020-12-20 14:29:00', '2020-12-20 10:29:00', 88, 88, 0),
	(8, 'upld_', 'Sem Título-8.jpg', '16084709402.jpg', './assets/uploads', NULL, '2020-12-20 14:29:00', '2020-12-20 10:29:00', 88, 88, 0),
	(9, 'upld_', 'desktop.jpg', '1608470941.jpg', './assets/uploads', NULL, '2020-12-20 14:29:01', '2020-12-20 10:29:01', 88, 88, 0),
	(10, 'upld_', 'Sem Título-7.jpg', '16084709412.jpg', './assets/uploads', NULL, '2020-12-20 14:29:01', '2020-12-20 10:29:01', 88, 88, 0);
/*!40000 ALTER TABLE `media` ENABLE KEYS */;

CREATE TABLE IF NOT EXISTS `menus` (
  `id` int(10) NOT NULL AUTO_INCREMENT,
  `name` varchar(50) NOT NULL,
  `ordem` int(11) DEFAULT NULL,
  `slug` varchar(50) DEFAULT NULL,
  `menu_id` int(11) DEFAULT NULL,
  `page_id` int(11) DEFAULT NULL,
  `url` varchar(50) DEFAULT NULL,
  `created_dt` datetime DEFAULT NULL,
  `updated_dt` datetime DEFAULT current_timestamp() ON UPDATE current_timestamp(),
  `created_by` int(5) NOT NULL,
  `updated_by` int(5) DEFAULT NULL,
  `deleted` tinyint(4) DEFAULT 0,
  PRIMARY KEY (`id`),
  UNIQUE KEY `name` (`name`),
  UNIQUE KEY `slug` (`slug`),
  KEY `FK_Menu_menu_id` (`menu_id`),
  CONSTRAINT `FK_Menu_menu_id` FOREIGN KEY (`menu_id`) REFERENCES `menus` (`id`)
) ENGINE=InnoDB AUTO_INCREMENT=17 DEFAULT CHARSET=utf8mb4;

/*!40000 ALTER TABLE `menus` DISABLE KEYS */;
INSERT INTO `menus` (`id`, `name`, `ordem`, `slug`, `menu_id`, `page_id`, `url`, `created_dt`, `updated_dt`, `created_by`, `updated_by`, `deleted`) VALUES
	(1, 'Sobre Nós', 1, 'sobre-nos', NULL, 3, NULL, '2020-11-16 15:15:58', '2020-12-19 12:09:51', 88, 88, 0),
	(2, 'Serviços', 2, 'servicos', NULL, NULL, NULL, '2020-11-16 15:15:58', '2020-11-29 22:40:44', 88, 88, 0),
	(3, 'E-Social', NULL, 'e-social', NULL, 1, '', '2020-11-16 15:15:58', '2020-11-30 03:35:59', 88, 88, 0),
	(4, 'Home', NULL, 'home', NULL, NULL, '', '2020-11-30 02:10:00', '2020-12-10 22:45:35', 88, 88, 1),
	(5, 'Medicina do trabalho', NULL, 'medicina-do-trabalho', 2, 2, '', '2020-11-30 02:38:40', '2020-12-12 22:27:19', 88, 88, 0),
	(6, 'Segurança do trabalho', NULL, 'seguranca-do-trabalho', 2, 5, '', '2020-11-30 02:24:19', '2020-12-20 10:22:27', 88, 88, 0),
	(13, 'Exames', 3, 'exames', NULL, NULL, '', '2020-12-24 21:36:31', '2020-12-24 21:36:31', 88, 88, 0),
	(15, 'Treinamentos', 4, 'treinamentos', NULL, NULL, '', '2020-12-24 21:32:26', '2020-12-24 21:32:26', 88, 88, 0),
	(16, 'Cursos', 5, 'cursos', NULL, NULL, '', '2020-12-24 21:37:02', '2020-12-24 21:37:02', 88, 88, 0);
/*!40000 ALTER TABLE `menus` ENABLE KEYS */;

CREATE TABLE IF NOT EXISTS `pages` (
  `id` int(11) NOT NULL AUTO_INCREMENT,
  `title` varchar(200) NOT NULL,
  `slug` varchar(200) NOT NULL,
  `menu_id` int(11) DEFAULT NULL,
  `keywords` varchar(255) DEFAULT NULL,
  `resume` varchar(500) DEFAULT NULL,
  `content` longtext NOT NULL,
  `files` text CHARACTER SET utf8mb4 COLLATE utf8mb4_bin DEFAULT NULL,
  `banners` varchar(255) DEFAULT NULL,
  `order` tinyint(4) DEFAULT NULL,
  `created_dt` datetime NOT NULL,
  `display_brands` tinyint(1) DEFAULT 0,
  `gallery_id` int(11) DEFAULT NULL,
  `updated_dt` timestamp NOT NULL DEFAULT current_timestamp() ON UPDATE current_timestamp(),
  `created_by` int(11) NOT NULL,
  `updated_by` int(11) NOT NULL,
  `deleted` tinyint(4) NOT NULL DEFAULT 0,
  PRIMARY KEY (`id`),
  KEY `FK_Pages_menu` (`menu_id`),
  CONSTRAINT `FK_Pages_menu` FOREIGN KEY (`menu_id`) REFERENCES `menus` (`id`)
) ENGINE=InnoDB AUTO_INCREMENT=6 DEFAULT CHARSET=utf8mb4;

/*!40000 ALTER TABLE `pages` DISABLE KEYS */;
INSERT INTO `pages` (`id`, `title`, `slug`, `menu_id`, `keywords`, `resume`, `content`, `files`, `banners`, `order`, `created_dt`, `display_brands`, `gallery_id`, `updated_dt`, `created_by`, `updated_by`, `deleted`) VALUES
	(1, 'E-Social', 'e-social', 3, '', '', '<p><img alt="" longdesc="Teste Imagem aqui" src="http://localhost/righi-righi/assets/img/uploads/1605839702_726.jpg" style="float:left; height:202px; margin-left:0px; margin-right:20px; width:255px" />O eSocial (Sistema de Escritura&ccedil;&atilde;o Fiscal Digital das Obriga&ccedil;&otilde;es Fiscais, Previdenci&aacute;rias e Trabalhistas) &eacute; um projeto do Governo Federal, que pretende unificar o envio de informa&ccedil;&otilde;es pelo empregador em rela&ccedil;&atilde;o aos seus empregados , integrando as tr&ecirc;s esferas do Governo.</p>\r\n\r\n<p>&nbsp;</p>\r\n\r\n<p>No sistema estar&aacute; centralizada a entrega de todas as declara&ccedil;&otilde;es, resumos para recolhimento de tributos oriundos da rela&ccedil;&atilde;o trabalhista e previdenci&aacute;ria, bem como informa&ccedil;&otilde;es relevantes acerca do contrato de trabalho, al&eacute;m de inserir informa&ccedil;&otilde;es referentes &agrave; sa&uacute;de e seguran&ccedil;a do trabalhador.</p>\r\n\r\n<p>&nbsp;</p>\r\n\r\n<p>&nbsp;</p>\r\n\r\n<p>&nbsp;</p>\r\n\r\n<p>&nbsp;</p>\r\n\r\n<h2>O que muda com o eSOCIAL?</h2>\r\n\r\n<p><img alt="" src="http://localhost/righi-righi/assets/img/uploads/1605839902_775.jpg" style="float:left; height:434px; margin-bottom:20px; margin-lef:0; margin-right:20px; width:450px" />O que muda com o eSocial?<br />\r\nAl&eacute;m das informa&ccedil;&otilde;es &agrave;s quais os profissionais de RH j&aacute; tem familiaridade, alguns outros conceitos dever&atilde;o ser introduzidos na rotina di&aacute;ria destes profissionais, que antes ficavam centralizadas apenas nas &aacute;reas de Seguran&ccedil;a e Medicina do Trabalho, se existentes na empresa, como descritos abaixo:</p>\r\n\r\n<p>&nbsp;</p>\r\n\r\n<p>Exposi&ccedil;&atilde;o a fatores de riscos e medidas de controle: passa a ser obrigat&oacute;rio o registro das condi&ccedil;&otilde;es de trabalho do empregado, indicando a presta&ccedil;&atilde;o de servi&ccedil;os em condi&ccedil;&otilde;es insalubres e/ou perigosas, al&eacute;m da descri&ccedil;&atilde;o da exposi&ccedil;&atilde;o a fatores de riscos e respectivas medidas de controle.</p>\r\n\r\n<p>&nbsp;</p>\r\n\r\n<p>Mas onde buscar essas informa&ccedil;&otilde;es? Embora obrigat&oacute;rio pelo Minist&eacute;rio do Trabalho, atrav&eacute;s da Norma Regulamentadora de n&deg; 09, nem todas as empresas mant&eacute;m atualizado o PPRA &ndash; Programa de Preven&ccedil;&atilde;o de Riscos Ambientais, onde as informa&ccedil;&otilde;es dos riscos envolvidos na atividade do funcion&aacute;rio e as medidas de controle est&atilde;o lan&ccedil;adas.</p>\r\n\r\n<p>&nbsp;</p>\r\n\r\n<p>Faz-se ainda necess&aacute;rio que, empresas cujos funcion&aacute;rios exer&ccedil;am atividades insalubres ou perigosas, mantenham em arquivo o Laudo de Insalubridade ou Periculosidade, emitido por Engenheiro em Seguran&ccedil;a do trabalho, registrando os riscos e percentuais a serem pagos aos trabalhadores.</p>\r\n\r\n<p>&nbsp;</p>\r\n\r\n<p>ASO &ndash; Atestado de Sa&uacute;de Ocupacional / PCMSO: Todo empregado deve submeter-se aos exames m&eacute;dicos ocupacionais, sendo estes obrigat&oacute;rios na admiss&atilde;o, na demiss&atilde;o e periodicamente no curso do v&iacute;nculo empregat&iacute;cio.</p>\r\n\r\n<p>&nbsp;</p>\r\n\r\n<p>A admiss&atilde;o e demiss&atilde;o do funcion&aacute;rio somente conseguir&aacute; ser registrada no sistema com o lan&ccedil;amento dos dados do ASO do funcion&aacute;rio. Os exames peri&oacute;dicos, de retorno ao trabalho, de mudan&ccedil;a de fun&ccedil;&atilde;o e de monitora&ccedil;&atilde;o pontual dever&atilde;o ser cadastrados pontualmente, quando da sua realiza&ccedil;&atilde;o, havendo um layout do sistema especifico para estes eventos. Al&eacute;m dessas informa&ccedil;&otilde;es, passa a ser obrigat&oacute;rio o lan&ccedil;amento do respons&aacute;vel pela monitora&ccedil;&atilde;o Biol&oacute;gica da empresa &ndash; M&eacute;dico Coordenador do PCMSO &ndash; Programa de Controle M&eacute;dico de Sa&uacute;de Ocupacional. Desta forma, todas as empresas dever&atilde;o se regularizar no tocante a documenta&ccedil;&atilde;o exigida pelo MTE em Medicina e Seguran&ccedil;a do Trabalho.</p>\r\n\r\n<p>&nbsp;</p>\r\n\r\n<p><img alt="" src="http://localhost/righi-righi/assets/img/uploads/1605840108_822.jpg" style="float:left; height:195px; margin-bottom:50px; width:400px" />A Righi Righi Assessoria, especializada em Servi&ccedil;os de Medicina e Seguran&ccedil;a do Trabalho est&aacute; estabelecida h&aacute; mais de 28 anos e conta com reconhecimento de mercado pela qualidade de seus servi&ccedil;os, mantendo um portf&oacute;lio de clientes com empresas de diversos segmentos, oferecendo um relacionamento pautado na transpar&ecirc;ncia, &eacute;tica, agilidade e profissionalismo. Contamos com um quadro profissional altamente capacitado, o que nos permite fornecer solu&ccedil;&otilde;es completas em Medicina e Seguran&ccedil;a do Trabalho.</p>\r\n\r\n<p>Nosso Departamento Comercial fornece um atendimento t&eacute;cnico desde o primeiro contato, dando ao cliente um diagn&oacute;stico inicial das necessidades da empresa, sempre com embasamento na Legisla&ccedil;&atilde;o do Minist&eacute;rio do Trabalho.</p>\r\n\r\n<p><strong><span style="color:#000000">Contate-nos e verifique como realizar a adequa&ccedil;&atilde;o de sua empresa &agrave;s Normativas do MTE.</span></strong></p>\r\n\r\n<p>&nbsp;</p>', NULL, '{"desktop":"upload_desktop_banner-1605840162.jpg","mobile":"upload_desktop_banner-16058401621.jpg"}', NULL, '2020-12-13 01:08:46', 1, 2, '2020-12-12 21:08:46', 88, 88, 0),
	(2, 'Medicina do trabalho', 'medicina-do-trabalho', 5, '', '', '<p><img alt="" src="http://localhost/righi-righi/assets/img/uploads/16078222643.jpg" style="float:left" /><img alt="" src="http://localhost/righi-righi/./assets/uploads/16078222642.jpg" style="float:left; height:411px; margin-left:20px; margin-right:20px; width:500px" />A Medicina do Trabalho &eacute; a especialidade m&eacute;dica que lida com as rela&ccedil;&otilde;es entre homens e mulheres trabalhadores e seu trabalho, visando n&atilde;o somente a preven&ccedil;&atilde;o dos acidentes e das doen&ccedil;as do trabalho, mas a promo&ccedil;&atilde;o da sa&uacute;de e da qualidade de vida.</p>\r\n\r\n<p>&nbsp;</p>\r\n\r\n<p>Tem por objetivo assegurar ou facilitar aos indiv&iacute;duos e ao coletivo de trabalhadores a melhoria cont&iacute;nua das condi&ccedil;&otilde;es de sa&uacute;de, nas dimens&otilde;es f&iacute;sica e mental, e a intera&ccedil;&atilde;o saud&aacute;vel entre as pessoas e, estas, com seu ambiente social e o trabalho.</p>\r\n\r\n<p>&nbsp;</p>\r\n\r\n<p>O m&eacute;dico do trabalho avalia a capacidade do candidato a determinado trabalho e realiza reavalia&ccedil;&otilde;es peri&oacute;dicas de sua sa&uacute;de dando &ecirc;nfase aos riscos ocupacionais aos quais este trabalhador fica exposto.</p>\r\n\r\n<p>&nbsp;</p>\r\n\r\n<p>A Medicina do Trabalho est&aacute; constru&iacute;da sobre dois pilares: a Cl&iacute;nica e a Sa&uacute;de P&uacute;blica. Sua a&ccedil;&atilde;o est&aacute; orientada para a preven&ccedil;&atilde;o e a assist&ecirc;ncia do trabalhador v&iacute;tima de acidente, doen&ccedil;a ou de incapacidade relacionados ao trabalho e, tamb&eacute;m, para a promo&ccedil;&atilde;o da sa&uacute;de, do bem estar e da produtividade dos trabalhadores, suas fam&iacute;lias e a comunidade.</p>\r\n\r\n<p>&nbsp;</p>\r\n\r\n<p>A ci&ecirc;ncia que estuda os acidentes e as doen&ccedil;as do trabalho e chamada de infortun&iacute;stica.</p>\r\n\r\n<p>&nbsp;</p>\r\n\r\n<p>&nbsp;</p>\r\n\r\n<p>&nbsp;</p>\r\n\r\n<p><img alt="" src="http://localhost/righi-righi/./assets/uploads/1607822264.jpg" style="width:100%" /></p>\r\n\r\n<p>&nbsp;</p>\r\n\r\n<p>A Righi Righi &eacute; uma Empresa especializada em presta&ccedil;&atilde;o de servi&ccedil;os de Medicina do Trabalho e Engenharia de Seguran&ccedil;a do Trabalho. Com mais de 20 anos de know-how assessorando mensalmente Empresas de diversos ramos em S&atilde;o Paulo e Grande S&atilde;o Paulo.</p>\r\n\r\n<p>Somos especializados em: PCMSO &ndash; PPRA &ndash; CIPA &ndash; PCMAT &ndash; LTCAT &ndash; SIPAT &ndash; PCA &ndash; PPP &ndash; Treinamentos &ndash; Laudos &ndash; An&aacute;lise &ndash; Assessoria em medicina do trabalho &ndash; Assessoria em Seguran&ccedil;a do Trabalho.</p>\r\n\r\n<p>&nbsp;</p>\r\n\r\n<p><strong>Hoje contamos com uma equipe m&eacute;dica t&eacute;cnica e engenheiros em seguran&ccedil;a do trabalho para que sua Empresa tenha o melhor atendimento e satisfa&ccedil;&atilde;o.</strong></p>\r\n\r\n<h4><span style="font-size:18px">Seguran&ccedil;a do Trabalho &bull; Medicina do Trabalho &bull; An&aacute;lises &bull; Laudos &bull; Treinamentos &bull; Audiometria CIPA &bull; PCMAT&bull; LTCAT &bull; PCA &bull; PCMSO &bull; PPP &bull; PPRA &bull; SIPAT</span></h4>', NULL, '{"desktop":"upload_desktop_banner-1607823890-1607823890.jpg","mobile":"upload_mobile_banner-1607891661-1607891661.jpg"}', NULL, '2020-12-13 21:38:19', 1, 0, '2020-12-13 17:38:19', 88, 88, 0),
	(3, 'Sobre nós', 'sobre-nos', NULL, '', 'A Righi & Righi, é uma empresa especializada não só em prestação de serviços de qualidade, mas também em ASSESSORIA as Empresas, dentro das normas legais, em MEDICINA e SEGURANÇA DO TRABALHO.', '<p><img alt="" src="http://localhost/righi-righi/./assets/uploads/1608389883.jpg" style="float:left; margin-left:25px; margin-right:25px; width:46%" />A Righi &amp; Righi, &eacute; uma empresa especializada n&atilde;o s&oacute; em presta&ccedil;&atilde;o de servi&ccedil;os de qualidade, mas tamb&eacute;m em ASSESSORIA as Empresas, dentro das normas legais, em MEDICINA e SEGURAN&Ccedil;A DO TRABALHO.<br />\r\nGra&ccedil;as a sua presta&ccedil;&atilde;o de servi&ccedil;o integra, atuando dentro do determinado pelo Minist&eacute;rio do Trabalho e Emprego, cumprindo as Instru&ccedil;&otilde;es Normativas, se mant&eacute;m no mercado h&aacute; mais de 28 (vinte e oito) anos.</p>\r\n\r\n<p>&nbsp;</p>\r\n\r\n<p>Como assessoria, controlamos os vencimentos dos exames cl&iacute;nicos e complementares, assim como os Programas e Laudos de Seguran&ccedil;a do Trabalho, al&eacute;m de orientar os clientes quanto as Normas Regulamentadoras, a necessidade da implanta&ccedil;&atilde;o, quando necess&aacute;ria na empresa, tudo de forma legal e transparente, visando sempre &agrave; credibilidade e confian&ccedil;a de nossos clientes.</p>\r\n\r\n<p>&nbsp;</p>\r\n\r\n<p>E este trabalho, que dia ap&oacute;s dia vem sendo aprimorado, e com o aumento de procura de clientes que buscam uma assessoria de qualidade, a Righi &amp; Righi esta com nova sede, localizada estrategicamente, com f&aacute;cil acesso, no CENTRO DE S&Atilde;O PAULO.</p>\r\n\r\n<p>&nbsp;</p>\r\n\r\n<p><strong>Nossa Empresa</strong><br />\r\nNossa sede &eacute; constitu&iacute;da: &ndash; Pr&eacute;dio exclusivo para a Righi &amp; Righi de 10 (dez) andares &ndash; 02 (dois) elevadores &ndash; Ampla recep&ccedil;&atilde;o &ndash; Salas de espera confort&aacute;veis &ndash; 05 (cinco) consult&oacute;rios m&eacute;dicos &ndash; 03 (tr&ecirc;s) salas de audiometria &ndash; Andar exclusivo para Raio X do T&oacute;rax &ndash; Sala para realiza&ccedil;&atilde;o de eletrocardiograma<br />\r\nMatriz</p>\r\n\r\n<p><img alt="" src="http://localhost/righi-righi/./assets/uploads/1608389885.jpg" style="float:right; margin-bottom:25px; margin-top:25px; width:574px" /></p>\r\n\r\n<p>&nbsp;</p>\r\n\r\n<h2>&nbsp;</h2>\r\n\r\n<h2>Estrutura</h2>\r\n\r\n<p>Assegurando a qualidade de nossos servi&ccedil;os, contamos com uma equipe m&eacute;dica capacitada, com experi&ecirc;ncia, al&eacute;m do m&eacute;dico coordenador com anos de atua&ccedil;&atilde;o na &aacute;rea.<br />\r\nS&atilde;o 05 consult&oacute;rios m&eacute;dicos e &nbsp;03 salas de Audiometria</p>\r\n\r\n<p><br />\r\nAuxiliando os m&eacute;dicos examinadores, temos a equipe de T&eacute;cnicos de Enfermagem, com experi&ecirc;ncia em orienta&ccedil;&atilde;o dos exames complementares e na rotina di&aacute;ria dos exames cl&iacute;nicos, sempre direcionado a fun&ccedil;&atilde;o que o funcion&aacute;rio desempenha ou desempenhar&aacute; na empresa.</p>\r\n\r\n<p><br />\r\nOs T&eacute;cnicos de Raio X, todos devidamente habilitados sob a supervis&atilde;o do medico coordenador e do respons&aacute;vel t&eacute;cnico realizam este exame.</p>\r\n\r\n<p>Temos um andar exclusivo para Raio X do T&oacute;rax</p>\r\n\r\n<p>&nbsp;</p>\r\n\r\n<p><strong><img alt="" src="http://localhost/righi-righi/./assets/uploads/1608389879.jpg" style="float:left; height:301px; margin-left:25px; margin-right:25px; width:350px" />Disponibilizamos atendimento tanto em nossa sede, como no pr&oacute;prio local de trabalho de acordo com as necessidades da empresa.</strong></p>\r\n\r\n<p><br />\r\nPara isso, contamos com unidade m&oacute;vel, que alem de realizarmos os exames cl&iacute;nicos, realizamos tamb&eacute;m audiometria, teste de acuidade visual e Eletrocardiograma;<br />\r\nTodos os nossos ve&iacute;culos s&atilde;o identificados, assim como nossos funcion&aacute;rios.</p>\r\n\r\n<p><br />\r\nAlem de Treinamentos, tamb&eacute;m dispomos de assistentes t&eacute;cnicos para Per&iacute;cias Judiciais, medicas e de engenharia (periculosidade; insalubridade).</p>\r\n\r\n<p><br />\r\nPara isso, contamos com Engenheiros que supervisionam a equipe de T&eacute;cnicos de Seguran&ccedil;a do Trabalho, todos devidamente habilitados.</p>\r\n\r\n<p><br />\r\nPara qualquer tipo de servi&ccedil;o, OCORRE A VISTORIA NO LOCAL, bem como possu&iacute;mos todos os aparelhos necess&aacute;rios &agrave; realiza&ccedil;&atilde;o dos servi&ccedil;os, sendo este todos com a calibra&ccedil;&atilde;o exigida.</p>\r\n\r\n<p>&nbsp;</p>\r\n\r\n<p><img alt="" src="http://localhost/righi-righi/./assets/uploads/1608389884.jpg" style="width:100%" /></p>\r\n\r\n<p>&nbsp;</p>\r\n\r\n<p>Proporcionamos aos nossos clientes, ampla assist&ecirc;ncia na execu&ccedil;&atilde;o das 32 Normas Regulamentadoras, do Minist&eacute;rio do Trabalho e Emprego &ndash; MTE, Lei 6.514 /77 e Portaria 3214/78.</p>\r\n\r\n<p>&nbsp;</p>\r\n\r\n<p>Somos uma Empresa s&eacute;ria de renome, prova disso &eacute; o nosso respaldo dentro da Legisla&ccedil;&atilde;o vigente, possu&iacute;mos registro junto ao CREMESP (Conselho Regional Medicina do Estado de S&atilde;o Paulo), CREASP (Conselho Regional de Engenharia, Arquitetura e Agronomia do Estado de S&atilde;o Paulo), VIGIL&Acirc;NCIA SANIT&Aacute;RIA &ndash; COVISA (Coordena&ccedil;&atilde;o de Vigil&acirc;ncia e Sa&uacute;de). Portanto, tais registros nos &oacute;rg&atilde;os competentes demonstram nossa excel&ecirc;ncia na Presta&ccedil;&atilde;o de Servi&ccedil;os, uma vez que cada &oacute;rg&atilde;o, possui crit&eacute;rio avaliativo pr&oacute;prio, caso a Empresa seja considerada em n&atilde;o conformidade, os registros citados n&atilde;o s&atilde;o emitidos ou renovados.</p>\r\n\r\n<p>&nbsp;</p>\r\n\r\n<p>A nossa maior preocupa&ccedil;&atilde;o, &eacute; estarmos sempre prontos para assessorarmos nossos clientes, com o cumprimento das determina&ccedil;&otilde;es da fiscaliza&ccedil;&atilde;o e demais &oacute;rg&atilde;os. Minimizando as possibilidades de arcarem com pesadas multas e reclama&ccedil;&otilde;es trabalhistas.</p>\r\n\r\n<p>&nbsp;</p>\r\n\r\n<p>&nbsp;</p>', NULL, '{"desktop":"upload_desktop_banner-1608390591-1608390591.jpg","mobile":"upload_desktop_banner-1608390591-16083905911.jpg"}', NULL, '2020-12-20 08:46:01', 0, 3, '2020-12-20 04:46:01', 88, 88, 0),
	(4, 'Home', 'home', NULL, '', '', '<h3>&quot;H&Aacute; 28 ANOS ESTAMOS ENTRE AS CONTRATA&Ccedil;&Otilde;ES DE PROFISSIONAIS DO MERCADO DE TRABALHO,</h3>\r\n\r\n<h6>PRESTANDO SERVI&Ccedil;OS DE QUALIDADE E ASSESSORIA EM MEDICINA E SEGURAN&Ccedil;A NO TRABALHO, ATENDENDO EM TODO O BRASIL&quot;</h6>', NULL, '{"desktop":"","mobile":""}', NULL, '2020-12-20 10:01:17', 0, 0, '2020-12-20 06:01:17', 88, 88, 0),
	(5, 'Segurança do Trabalho', 'seguranca-do-trabalho', NULL, '', 'Segurança do trabalho (ou também denominado segurança ocupacional) é um conjunto de ciências e tecnologias que tem o objetivo de promover a proteção do trabalhador no seu local de trabalho, visando a redução de acidentes de trabalho e doenças ocupacionais.\r\n', '<p><img alt="" src="http://localhost/righi-righi/./assets/uploads/16084709412.jpg" style="float:right; height:193px; width:200px" />Seguran&ccedil;a do trabalho (ou tamb&eacute;m denominado seguran&ccedil;a ocupacional) &eacute; um conjunto de ci&ecirc;ncias e tecnologias que tem o objetivo de promover a prote&ccedil;&atilde;o do <img alt="" src="http://localhost/righi-righi/assets/img/uploads/16084709413.jpg" style="float:right" />trabalhador no seu local de trabalho, visando a redu&ccedil;&atilde;o de acidentes de trabalho e doen&ccedil;as ocupacionais.<img alt="" src="http://localhost/righi-righi/assets/img/uploads/16084709413.jpg" style="float:right" /></p>\r\n\r\n<p>&nbsp;</p>\r\n\r\n<p>&Eacute; uma das &aacute;reas da seguran&ccedil;a e sa&uacute;de ocupacionais, cujo objetivo &eacute; identificar, avaliar e controlar situa&ccedil;&otilde;es de risco, proporcionando um ambiente de trabalho mais seguro e saud&aacute;vel para as pessoas.</p>\r\n\r\n<p>&nbsp;</p>\r\n\r\n<p>Destacam-se entre as principais atividades da seguran&ccedil;a do trabalho:</p>\r\n\r\n<p>&nbsp;</p>\r\n\r\n<p>&nbsp;</p>\r\n\r\n<p>&nbsp;</p>\r\n\r\n<p><img alt="" src="http://localhost/righi-righi/./assets/uploads/16084709402.jpg" style="float:left; height:325px; margin:25px; width:580px" /></p>\r\n\r\n<p>&nbsp;</p>\r\n\r\n<p><strong>Destacam-se entre as principais atividades da seguran&ccedil;a do trabalho:</strong></p>\r\n\r\n<p>&nbsp;</p>\r\n\r\n<p><strong>&bull; Preven&ccedil;&atilde;o de acidentes </strong></p>\r\n\r\n<p><strong>&bull; Promo&ccedil;&atilde;o da sa&uacute;de </strong></p>\r\n\r\n<p><strong>&bull; Preven&ccedil;&atilde;o de inc&ecirc;ndios </strong></p>\r\n\r\n<p><strong>&bull; Higiene do trabalho</strong></p>\r\n\r\n<p>&nbsp;</p>\r\n\r\n<p><strong>Brasil</strong></p>\r\n\r\n<p>No Brasil, a seguran&ccedil;a e sa&uacute;de ocupacionais s&atilde;o regulamentadas na forma do Servi&ccedil;o Especializado em Engenharia de Seguran&ccedil;a e em Medicina do Trabalho (SESMT). Este servi&ccedil;o est&aacute; previsto na legisla&ccedil;&atilde;o trabalhista brasileira e regulamentado pela portaria n&ordm; 3.214 de 08 de junho de 1978, considerando o disposto no art. 200, da consolida&ccedil;&atilde;o das Leis do Trabalho, com reda&ccedil;&atilde;o dada pela Lei n.&ordm; 6.514, de 22 de dezembro de 1977 do Minist&eacute;rio do Trabalho e Emprego, por interm&eacute;dio da Norma Regulamentadora n&ordm; 4 (NR-4),[1] e as normas da ABNT referentes seguran&ccedil;a no trabalho. &nbsp; &nbsp;</p>', NULL, '{"desktop":"upload_desktop_banner-1608470793-1608470793.jpg","mobile":"upload_desktop_banner-1608470793-16084707931.jpg"}', NULL, '2020-12-20 14:35:45', 1, 0, '2020-12-20 10:35:45', 88, 88, 0);
/*!40000 ALTER TABLE `pages` ENABLE KEYS */;

CREATE TABLE IF NOT EXISTS `page_medias` (
  `id` int(11) NOT NULL AUTO_INCREMENT,
  `page_id` int(11) NOT NULL,
  `media_id` int(11) NOT NULL,
  PRIMARY KEY (`id`),
  KEY `FK_pages` (`page_id`) USING BTREE,
  KEY `FK_medias` (`media_id`) USING BTREE,
  CONSTRAINT `FK_Media_ID` FOREIGN KEY (`media_id`) REFERENCES `media` (`id`),
  CONSTRAINT `FK_Page_ID` FOREIGN KEY (`page_id`) REFERENCES `pages` (`id`)
) ENGINE=InnoDB DEFAULT CHARSET=utf8mb4;

/*!40000 ALTER TABLE `page_medias` DISABLE KEYS */;
/*!40000 ALTER TABLE `page_medias` ENABLE KEYS */;

CREATE TABLE IF NOT EXISTS `page_menus` (
  `id` int(11) NOT NULL AUTO_INCREMENT,
  `page_id` int(11) NOT NULL,
  `menu_id` int(10) NOT NULL,
  PRIMARY KEY (`id`),
  KEY `menu_id` (`menu_id`),
  KEY `page_id` (`page_id`),
  CONSTRAINT `page_menus_ibfk_1` FOREIGN KEY (`menu_id`) REFERENCES `menus` (`id`),
  CONSTRAINT `page_menus_ibfk_2` FOREIGN KEY (`page_id`) REFERENCES `pages` (`id`)
) ENGINE=InnoDB AUTO_INCREMENT=4 DEFAULT CHARSET=utf8mb4;

/*!40000 ALTER TABLE `page_menus` DISABLE KEYS */;
INSERT INTO `page_menus` (`id`, `page_id`, `menu_id`) VALUES
	(1, 1, 1),
	(2, 1, 2),
	(3, 2, 3);
/*!40000 ALTER TABLE `page_menus` ENABLE KEYS */;

CREATE TABLE IF NOT EXISTS `settings` (
  `id` int(11) NOT NULL AUTO_INCREMENT,
  `key` varchar(50) DEFAULT NULL,
  `value` varchar(255) DEFAULT NULL,
  `note` varchar(600) DEFAULT NULL,
  `file` varchar(50) DEFAULT NULL,
  `created_dt` datetime NOT NULL,
  `updated_dt` timestamp NULL DEFAULT NULL,
  `created_by` int(11) NOT NULL,
  `updated_by` int(11) DEFAULT NULL,
  PRIMARY KEY (`id`)
) ENGINE=InnoDB AUTO_INCREMENT=17 DEFAULT CHARSET=utf8mb4 COMMENT='data settings for web site';

/*!40000 ALTER TABLE `settings` DISABLE KEYS */;
INSERT INTO `settings` (`id`, `key`, `value`, `note`, `file`, `created_dt`, `updated_dt`, `created_by`, `updated_by`) VALUES
	(1, 'site_title', 'Righi & Righi - Desenvolvendo ideias', '', NULL, '2020-07-30 01:30:00', '2020-12-13 00:08:12', 88, 88),
	(2, 'contact_email_top', 'contato@strutech.com.br', 'E-mail de contato no topo do site', NULL, '2020-07-30 01:42:15', '2020-07-30 01:42:15', 88, 88),
	(3, 'contact_phone_top', '+55 11 4309-0029 / +55 11 98812-1431', 'Número de contato no topo do site', NULL, '2020-07-30 02:15:05', '2020-09-01 07:38:27', 88, 88),
	(4, 'andress_company', 'Cond. Empresarial ACIBAM - R. Dr. Jales Martins Salgueiro, 241F - Lot. Industrial Coral, Mauá - SP, 09372-000', '', NULL, '2020-07-30 02:16:13', '2020-07-30 02:19:35', 88, 88),
	(5, 'send_mail_form_home', 'contato@strutech.com.br', 'Email de contado para o formulário da home', NULL, '2020-07-31 00:04:02', '2020-09-01 07:38:57', 88, 88),
	(6, 'send_mail_form_trabalhe_conosco', 'cgouvea@strutech.com.br', 'E-mail formulário página trabalhe conosco', NULL, '2020-07-31 00:05:18', '2020-09-01 07:39:22', 88, 88),
	(7, 'send_mail_form_contato', 'contato@strutech.com.br', 'E-mail do formulário da página contato', NULL, '2020-07-31 00:06:12', '2020-09-01 07:39:33', 88, 88),
	(8, 'send_mail_form_internas', 'texto@divermidia.com.br', 'E-mail do formulário das páginas internas', NULL, '2020-07-31 00:07:30', '2020-08-30 21:25:29', 88, 88),
	(9, 'send_mail_form_produtos', 'contato@strutech.com.br; vendas11@strutech.com.br', 'E-mail formulário carrinho página de produto', NULL, '2020-07-31 00:09:49', '2020-09-01 07:40:07', 88, 88),
	(10, 'link_facebook', 'https://www.facebook.com/strutechautomacao/', 'Link da página do facebook\r\n', NULL, '2020-07-31 00:10:58', '2020-07-31 00:10:58', 88, 88),
	(11, 'link_linkedin', 'https://www.linkedin.com/company/strutech-engenharia-ltda/', 'Link da página do linkedin', NULL, '2020-07-31 00:12:15', '2020-07-31 00:12:15', 88, 88),
	(12, 'link_instagram', 'https://www.instagram.com/strutechautomacao', '', NULL, '2020-07-31 00:14:38', '2020-09-01 07:40:38', 88, 88),
	(14, 'whatsapp_number', '+5511988121431', '', NULL, '2020-08-28 21:40:57', '2020-09-01 07:42:04', 88, 88),
	(15, 'company_schedule', 'seg. à sex. das 08H às 17H', '', NULL, '2020-08-28 21:40:57', '2020-09-01 07:42:04', 88, 88),
	(16, 'link_yt', 'https://youtube.com', '', NULL, '2020-08-28 21:40:57', '2020-09-01 07:42:04', 88, 88);
/*!40000 ALTER TABLE `settings` ENABLE KEYS */;

CREATE TABLE IF NOT EXISTS `uploads` (
  `id` int(11) NOT NULL AUTO_INCREMENT,
  `file` varchar(50) NOT NULL,
  `created_dt` datetime NOT NULL,
  `created_by` int(11) NOT NULL,
  PRIMARY KEY (`id`)
) ENGINE=InnoDB AUTO_INCREMENT=60 DEFAULT CHARSET=utf8mb4;

/*!40000 ALTER TABLE `uploads` DISABLE KEYS */;
INSERT INTO `uploads` (`id`, `file`, `created_dt`, `created_by`) VALUES
	(44, '1605794260_611.jpg', '2020-11-19 14:57:40', 88),
	(45, '1605839702_726.jpg', '2020-11-20 03:35:03', 88),
	(46, '1605839902_775.jpg', '2020-11-20 03:38:22', 88),
	(47, '1605840108_822.jpg', '2020-11-20 03:41:48', 88),
	(48, '1605999820_568.jpg', '2020-11-22 00:03:41', 88),
	(49, '16076536241.jpg', '2020-12-11 03:27:04', 88),
	(50, '16078222641.jpg', '2020-12-13 02:17:44', 88),
	(51, '16078222643.jpg', '2020-12-13 02:17:44', 88),
	(52, '16083898791.jpg', '2020-12-19 15:58:02', 88),
	(53, '16083898831.jpg', '2020-12-19 15:58:03', 88),
	(54, '16083898841.jpg', '2020-12-19 15:58:04', 88),
	(55, '16083898851.jpg', '2020-12-19 15:58:05', 88),
	(56, '16084709401.jpg', '2020-12-20 14:29:00', 88),
	(57, '16084709403.jpg', '2020-12-20 14:29:00', 88),
	(58, '16084709411.jpg', '2020-12-20 14:29:01', 88),
	(59, '16084709413.jpg', '2020-12-20 14:29:01', 88);
/*!40000 ALTER TABLE `uploads` ENABLE KEYS */;

CREATE TABLE IF NOT EXISTS `usuarios` (
  `id` int(5) unsigned NOT NULL AUTO_INCREMENT,
  `nome` varchar(45) DEFAULT NULL,
  `usuario` varchar(45) DEFAULT NULL,
  `email` varchar(30) DEFAULT NULL,
  `senha` varchar(255) DEFAULT NULL,
  `nivel` enum('1','2') DEFAULT '2' COMMENT '1 - Administrador e 2 - Usuário',
  `dt_cadastro` datetime DEFAULT NULL,
  `dt_acesso` datetime DEFAULT NULL,
  `dt_alteracao` datetime DEFAULT NULL,
  `status` enum('1','2') DEFAULT '1' COMMENT '1 - ativo\\n2 - inativo\\n',
  PRIMARY KEY (`id`),
  KEY `INDEXES` (`nome`,`senha`,`status`)
) ENGINE=InnoDB AUTO_INCREMENT=90 DEFAULT CHARSET=utf8;

/*!40000 ALTER TABLE `usuarios` DISABLE KEYS */;
INSERT INTO `usuarios` (`id`, `nome`, `usuario`, `email`, `senha`, `nivel`, `dt_cadastro`, `dt_acesso`, `dt_alteracao`, `status`) VALUES
	(88, 'Bernan', 'admin', 'alves.bernan@gmail.com', '81dc9bdb52d04dc20036dbd8313ed055', '1', '2020-07-16 21:17:37', '2020-12-24 21:11:09', NULL, '1');
/*!40000 ALTER TABLE `usuarios` ENABLE KEYS */;

/*!40101 SET SQL_MODE=IFNULL(@OLD_SQL_MODE, '') */;
/*!40014 SET FOREIGN_KEY_CHECKS=IF(@OLD_FOREIGN_KEY_CHECKS IS NULL, 1, @OLD_FOREIGN_KEY_CHECKS) */;
/*!40101 SET CHARACTER_SET_CLIENT=@OLD_CHARACTER_SET_CLIENT */;
